Date,count
2016-12-26,54.0
2016-12-27,490.42857142857144
2016-12-28,926.8571428571429
2016-12-29,1363.2857142857142
2016-12-30,1799.7142857142858
2016-12-31,2236.1428571428573
2017-01-01,2672.5714285714284
2017-01-02,3109.0
2017-01-03,3694.142857142857
2017-01-04,4279.285714285714
2017-01-05,4864.428571428572
2017-01-06,5449.571428571428
2017-01-07,6034.714285714285
2017-01-08,6619.857142857143
2017-01-09,7205.0
2017-01-10,7766.285714285715
2017-01-11,8327.57142857143
2017-01-12,8888.857142857143
2017-01-13,9450.142857142857
2017-01-14,10011.428571428572
2017-01-15,10572.714285714286
2017-01-16,11134.0
2017-01-17,12026.857142857143
2017-01-18,12919.714285714286
2017-01-19,13812.571428571428
2017-01-20,14705.428571428572
2017-01-21,15598.285714285714
2017-01-22,16491.142857142855
2017-01-23,17384.0
2017-01-24,15512.42857142857
2017-01-25,13640.857142857143
2017-01-26,11769.285714285714
2017-01-27,9897.714285714286
2017-01-28,8026.142857142857
2017-01-29,6154.5714285714275
2017-01-30,4283.0
2017-01-31,4461.0
2017-02-01,4639.0
2017-02-02,4817.0
2017-02-03,4995.0
2017-02-04,5173.0
2017-02-05,5351.0
2017-02-06,5529.0
2017-02-07,6007.857142857143
2017-02-08,6486.714285714285
2017-02-09,6965.571428571428
2017-02-10,7444.428571428572
2017-02-11,7923.285714285714
2017-02-12,8402.142857142857
2017-02-13,8881.0
2017-02-14,9420.142857142857
2017-02-15,9959.285714285714
2017-02-16,10498.42857142857
2017-02-17,11037.571428571428
2017-02-18,11576.714285714286
2017-02-19,12115.857142857143
2017-02-20,12655.0
2017-02-21,12747.0
2017-02-22,12839.0
2017-02-23,12931.0
2017-02-24,13023.0
2017-02-25,13115.0
2017-02-26,13207.0
2017-02-27,13299.0
2017-02-28,12454.857142857143
2017-03-01,11610.714285714286
2017-03-02,10766.571428571428
2017-03-03,9922.428571428572
2017-03-04,9078.285714285714
2017-03-05,8234.142857142857
2017-03-06,7390.0
2017-03-07,7677.571428571428
2017-03-08,7965.142857142857
2017-03-09,8252.714285714286
2017-03-10,8540.285714285714
2017-03-11,8827.857142857143
2017-03-12,9115.42857142857
2017-03-13,9403.0
2017-03-14,9643.857142857143
2017-03-15,9884.714285714286
2017-03-16,10125.57142857143
2017-03-17,10366.42857142857
2017-03-18,10607.285714285714
2017-03-19,10848.142857142857
2017-03-20,11089.0
2017-03-21,12234.285714285714
2017-03-22,13379.571428571428
2017-03-23,14524.857142857143
2017-03-24,15670.142857142857
2017-03-25,16815.428571428572
2017-03-26,17960.714285714286
2017-03-27,19106.0
2017-03-28,17028.14285714286
2017-03-29,14950.285714285714
2017-03-30,12872.428571428572
2017-03-31,10794.57142857143
2017-04-01,8716.714285714286
2017-04-02,6638.857142857145
2017-04-03,4561.0
2017-04-04,5076.142857142857
2017-04-05,5591.285714285714
2017-04-06,6106.428571428572
2017-04-07,6621.571428571428
2017-04-08,7136.714285714285
2017-04-09,7651.857142857143
2017-04-10,8167.0
2017-04-11,8353.42857142857
2017-04-12,8539.857142857143
2017-04-13,8726.285714285714
2017-04-14,8912.714285714286
2017-04-15,9099.142857142857
2017-04-16,9285.571428571428
2017-04-17,9472.0
2017-04-18,10421.857142857143
2017-04-19,11371.714285714286
2017-04-20,12321.571428571428
2017-04-21,13271.428571428572
2017-04-22,14221.285714285714
2017-04-23,15171.142857142857
2017-04-24,16121.0
2017-04-25,14377.42857142857
2017-04-26,12633.857142857143
2017-04-27,10890.285714285714
2017-04-28,9146.714285714286
2017-04-29,7403.142857142857
2017-04-30,5659.5714285714275
2017-05-01,3916.0
2017-05-02,4267.0
2017-05-03,4618.0
2017-05-04,4969.0
2017-05-05,5320.0
2017-05-06,5671.0
2017-05-07,6022.0
2017-05-08,6373.0
2017-05-09,6920.428571428572
2017-05-10,7467.857142857143
2017-05-11,8015.285714285714
2017-05-12,8562.714285714286
2017-05-13,9110.142857142857
2017-05-14,9657.571428571428
2017-05-15,10205.0
2017-05-16,10655.57142857143
2017-05-17,11106.142857142857
2017-05-18,11556.714285714286
2017-05-19,12007.285714285714
2017-05-20,12457.857142857143
2017-05-21,12908.428571428572
2017-05-22,13359.0
2017-05-23,13532.0
2017-05-24,13705.0
2017-05-25,13878.0
2017-05-26,14051.0
2017-05-27,14224.0
2017-05-28,14397.0
2017-05-29,14570.0
2017-05-30,13640.285714285714
2017-05-31,12710.57142857143
2017-06-01,11780.857142857143
2017-06-02,10851.142857142857
2017-06-03,9921.428571428572
2017-06-04,8991.714285714286
2017-06-05,8062.0
2017-06-06,8491.857142857143
2017-06-07,8921.714285714286
2017-06-08,9351.571428571428
2017-06-09,9781.42857142857
2017-06-10,10211.285714285714
2017-06-11,10641.142857142857
2017-06-12,11071.0
2017-06-13,12356.285714285714
2017-06-14,13641.571428571428
2017-06-15,14926.857142857143
2017-06-16,16212.142857142857
2017-06-17,17497.428571428572
2017-06-18,18782.714285714286
2017-06-19,20068.0
2017-06-20,18060.285714285714
2017-06-21,16052.571428571428
2017-06-22,14044.857142857143
2017-06-23,12037.142857142857
2017-06-24,10029.42857142857
2017-06-25,8021.714285714286
2017-06-26,6014.0
2017-06-27,5792.428571428572
2017-06-28,5570.857142857143
2017-06-29,5349.285714285714
2017-06-30,5127.714285714285
2017-07-01,4906.142857142857
2017-07-02,4684.571428571428
2017-07-03,4463.0
2017-07-04,5030.0
2017-07-05,5597.0
2017-07-06,6164.0
2017-07-07,6731.0
2017-07-08,7298.0
2017-07-09,7865.0
2017-07-10,8432.0
2017-07-11,8531.857142857143
2017-07-12,8631.714285714286
2017-07-13,8731.57142857143
2017-07-14,8831.42857142857
2017-07-15,8931.285714285714
2017-07-16,9031.142857142857
2017-07-17,9131.0
2017-07-18,10021.0
2017-07-19,10911.0
2017-07-20,11801.0
2017-07-21,12691.0
2017-07-22,13581.0
2017-07-23,14471.0
2017-07-24,15361.0
2017-07-25,14683.42857142857
2017-07-26,14005.857142857143
2017-07-27,13328.285714285714
2017-07-28,12650.714285714286
2017-07-29,11973.142857142857
2017-07-30,11295.571428571428
2017-07-31,10618.0
2017-08-01,10222.714285714286
2017-08-02,9827.42857142857
2017-08-03,9432.142857142857
2017-08-04,9036.857142857143
2017-08-05,8641.57142857143
2017-08-06,8246.285714285714
2017-08-07,7851.0
2017-08-08,8130.142857142857
2017-08-09,8409.285714285714
2017-08-10,8688.428571428572
2017-08-11,8967.57142857143
2017-08-12,9246.714285714286
2017-08-13,9525.857142857143
2017-08-14,9805.0
2017-08-15,10191.142857142857
2017-08-16,10577.285714285714
2017-08-17,10963.428571428572
2017-08-18,11349.57142857143
2017-08-19,11735.714285714286
2017-08-20,12121.857142857143
2017-08-21,12508.0
2017-08-22,12582.57142857143
2017-08-23,12657.142857142857
2017-08-24,12731.714285714286
2017-08-25,12806.285714285714
2017-08-26,12880.857142857143
2017-08-27,12955.42857142857
2017-08-28,13030.0
2017-08-29,11665.857142857143
2017-08-30,10301.714285714286
2017-08-31,8937.571428571428
2017-09-01,7573.428571428572
2017-09-02,6209.285714285715
2017-09-03,4845.142857142857
2017-09-04,3481.0
2017-09-05,3997.142857142857
2017-09-06,4513.285714285714
2017-09-07,5029.428571428572
2017-09-08,5545.571428571428
2017-09-09,6061.714285714285
2017-09-10,6577.857142857143
2017-09-11,7094.0
2017-09-12,7251.142857142857
2017-09-13,7408.285714285715
2017-09-14,7565.428571428572
2017-09-15,7722.571428571428
2017-09-16,7879.714285714285
2017-09-17,8036.857142857143
2017-09-18,8194.0
2017-09-19,9551.857142857143
2017-09-20,10909.714285714286
2017-09-21,12267.571428571428
2017-09-22,13625.428571428572
2017-09-23,14983.285714285714
2017-09-24,16341.142857142857
2017-09-25,17699.0
2017-09-26,15854.57142857143
2017-09-27,14010.142857142857
2017-09-28,12165.714285714286
2017-09-29,10321.285714285714
2017-09-30,8476.857142857143
2017-10-01,6632.4285714285725
2017-10-02,4788.0
2017-10-03,5306.142857142857
2017-10-04,5824.285714285714
2017-10-05,6342.428571428572
2017-10-06,6860.571428571428
2017-10-07,7378.714285714285
2017-10-08,7896.857142857143
2017-10-09,8415.0
2017-10-10,8346.57142857143
2017-10-11,8278.142857142857
2017-10-12,8209.714285714286
2017-10-13,8141.285714285715
2017-10-14,8072.857142857143
2017-10-15,8004.428571428572
2017-10-16,7936.0
2017-10-17,8414.285714285714
2017-10-18,8892.57142857143
2017-10-19,9370.857142857143
2017-10-20,9849.142857142857
2017-10-21,10327.428571428572
2017-10-22,10805.714285714286
2017-10-23,11284.0
2017-10-24,11329.857142857143
2017-10-25,11375.714285714286
2017-10-26,11421.57142857143
2017-10-27,11467.42857142857
2017-10-28,11513.285714285714
2017-10-29,11559.142857142857
2017-10-30,11605.0
2017-10-31,10827.57142857143
2017-11-01,10050.142857142857
2017-11-02,9272.714285714286
2017-11-03,8495.285714285714
2017-11-04,7717.857142857143
2017-11-05,6940.428571428572
2017-11-06,6163.0
2017-11-07,6501.714285714285
2017-11-08,6840.428571428572
2017-11-09,7179.142857142857
2017-11-10,7517.857142857143
2017-11-11,7856.571428571428
2017-11-12,8195.285714285714
2017-11-13,8534.0
2017-11-14,8782.0
2017-11-15,9030.0
2017-11-16,9278.0
2017-11-17,9526.0
2017-11-18,9774.0
2017-11-19,10022.0
2017-11-20,10270.0
2017-11-21,11062.714285714286
2017-11-22,11855.42857142857
2017-11-23,12648.142857142857
2017-11-24,13440.857142857143
2017-11-25,14233.571428571428
2017-11-26,15026.285714285714
2017-11-27,15819.0
2017-11-28,14375.714285714286
2017-11-29,12932.428571428572
2017-11-30,11489.142857142857
2017-12-01,10045.857142857143
2017-12-02,8602.57142857143
2017-12-03,7159.285714285714
2017-12-04,5716.0
2017-12-05,6153.571428571428
2017-12-06,6591.142857142857
2017-12-07,7028.714285714286
2017-12-08,7466.285714285714
2017-12-09,7903.857142857143
2017-12-10,8341.428571428572
2017-12-11,8779.0
2017-12-12,9479.42857142857
2017-12-13,10179.857142857143
2017-12-14,10880.285714285714
2017-12-15,11580.714285714286
2017-12-16,12281.142857142857
2017-12-17,12981.571428571428
2017-12-18,13682.0
2017-12-19,14526.42857142857
2017-12-20,15370.857142857143
2017-12-21,16215.285714285714
2017-12-22,17059.714285714286
2017-12-23,17904.142857142855
2017-12-24,18748.571428571428
2017-12-25,19593.0
2017-12-26,17182.0
2017-12-27,14771.0
2017-12-28,12360.0
2017-12-29,9949.0
2017-12-30,7538.0
2017-12-31,5127.0
2018-01-01,2716.0
2018-01-02,3135.1428571428573
2018-01-03,3554.285714285714
2018-01-04,3973.4285714285716
2018-01-05,4392.571428571428
2018-01-06,4811.714285714286
2018-01-07,5230.857142857143
2018-01-08,5650.0
2018-01-09,6180.285714285715
2018-01-10,6710.571428571428
2018-01-11,7240.857142857143
2018-01-12,7771.142857142857
2018-01-13,8301.428571428572
2018-01-14,8831.714285714286
2018-01-15,9362.0
2018-01-16,9832.42857142857
2018-01-17,10302.857142857143
2018-01-18,10773.285714285714
2018-01-19,11243.714285714286
2018-01-20,11714.142857142857
2018-01-21,12184.571428571428
2018-01-22,12655.0
2018-01-23,12769.0
2018-01-24,12883.0
2018-01-25,12997.0
2018-01-26,13111.0
2018-01-27,13225.0
2018-01-28,13339.0
2018-01-29,13453.0
2018-01-30,12788.142857142857
2018-01-31,12123.285714285714
2018-02-01,11458.42857142857
2018-02-02,10793.571428571428
2018-02-03,10128.714285714286
2018-02-04,9463.857142857143
2018-02-05,8799.0
2018-02-06,8952.714285714286
2018-02-07,9106.42857142857
2018-02-08,9260.142857142857
2018-02-09,9413.857142857143
2018-02-10,9567.57142857143
2018-02-11,9721.285714285714
2018-02-12,9875.0
2018-02-13,9281.42857142857
2018-02-14,8687.857142857143
2018-02-15,8094.285714285714
2018-02-16,7500.714285714286
2018-02-17,6907.142857142857
2018-02-18,6313.571428571428
2018-02-19,5720.0
2018-02-20,6752.0
2018-02-21,7784.0
2018-02-22,8816.0
2018-02-23,9848.0
2018-02-24,10880.0
2018-02-25,11912.0
2018-02-26,12944.0
2018-02-27,11933.857142857143
2018-02-28,10923.714285714286
2018-03-01,9913.571428571428
2018-03-02,8903.428571428572
2018-03-03,7893.285714285715
2018-03-04,6883.142857142857
2018-03-05,5873.0
2018-03-06,6301.857142857143
2018-03-07,6730.714285714285
2018-03-08,7159.571428571428
2018-03-09,7588.428571428572
2018-03-10,8017.285714285714
2018-03-11,8446.142857142857
2018-03-12,8875.0
2018-03-13,9029.714285714286
2018-03-14,9184.42857142857
2018-03-15,9339.142857142857
2018-03-16,9493.857142857143
2018-03-17,9648.57142857143
2018-03-18,9803.285714285714
2018-03-19,9958.0
2018-03-20,11179.42857142857
2018-03-21,12400.857142857143
2018-03-22,13622.285714285714
2018-03-23,14843.714285714286
2018-03-24,16065.142857142857
2018-03-25,17286.571428571428
2018-03-26,18508.0
2018-03-27,16464.571428571428
2018-03-28,14421.142857142857
2018-03-29,12377.714285714286
2018-03-30,10334.285714285714
2018-03-31,8290.857142857143
2018-04-01,6247.4285714285725
2018-04-02,4204.0
2018-04-03,4815.285714285715
2018-04-04,5426.571428571428
2018-04-05,6037.857142857143
2018-04-06,6649.142857142857
2018-04-07,7260.428571428572
2018-04-08,7871.714285714286
2018-04-09,8483.0
2018-04-10,8810.857142857143
2018-04-11,9138.714285714286
2018-04-12,9466.571428571428
2018-04-13,9794.42857142857
2018-04-14,10122.285714285714
2018-04-15,10450.142857142857
2018-04-16,10778.0
2018-04-17,11254.57142857143
2018-04-18,11731.142857142857
2018-04-19,12207.714285714286
2018-04-20,12684.285714285714
2018-04-21,13160.857142857143
2018-04-22,13637.428571428572
2018-04-23,14114.0
2018-04-24,13306.0
2018-04-25,12498.0
2018-04-26,11690.0
2018-04-27,10882.0
2018-04-28,10074.0
2018-04-29,9266.0
2018-04-30,8458.0
2018-05-01,7622.857142857143
2018-05-02,6787.714285714286
2018-05-03,5952.571428571428
2018-05-04,5117.428571428572
2018-05-05,4282.285714285715
2018-05-06,3447.142857142857
2018-05-07,2612.0
2018-05-08,3336.714285714286
2018-05-09,4061.4285714285716
2018-05-10,4786.142857142857
2018-05-11,5510.857142857143
2018-05-12,6235.571428571428
2018-05-13,6960.285714285714
2018-05-14,7685.0
2018-05-15,8212.0
2018-05-16,8739.0
2018-05-17,9266.0
2018-05-18,9793.0
2018-05-19,10320.0
2018-05-20,10847.0
2018-05-21,11374.0
2018-05-22,12415.0
2018-05-23,13456.0
2018-05-24,14497.0
2018-05-25,15538.0
2018-05-26,16579.0
2018-05-27,17620.0
2018-05-28,18661.0
2018-05-29,17560.0
2018-05-30,16459.0
2018-05-31,15358.0
2018-06-01,14257.0
2018-06-02,13156.0
2018-06-03,12055.0
2018-06-04,10954.0
2018-06-05,11504.57142857143
2018-06-06,12055.142857142857
2018-06-07,12605.714285714286
2018-06-08,13156.285714285714
2018-06-09,13706.857142857143
2018-06-10,14257.428571428572
2018-06-11,14808.0
2018-06-12,13638.42857142857
2018-06-13,12468.857142857143
2018-06-14,11299.285714285714
2018-06-15,10129.714285714286
2018-06-16,8960.142857142857
2018-06-17,7790.5714285714275
2018-06-18,6621.0
2018-06-19,9162.0
2018-06-20,11703.0
2018-06-21,14244.0
2018-06-22,16785.0
2018-06-23,19326.0
2018-06-24,21867.0
2018-06-25,24408.0
2018-06-26,21851.85714285714
2018-06-27,19295.714285714286
2018-06-28,16739.571428571428
2018-06-29,14183.42857142857
2018-06-30,11627.285714285714
2018-07-01,9071.142857142855
2018-07-02,6515.0
2018-07-03,7178.285714285715
2018-07-04,7841.571428571428
2018-07-05,8504.857142857143
2018-07-06,9168.142857142857
2018-07-07,9831.428571428572
2018-07-08,10494.714285714286
2018-07-09,11158.0
2018-07-10,11525.42857142857
2018-07-11,11892.857142857143
2018-07-12,12260.285714285714
2018-07-13,12627.714285714286
2018-07-14,12995.142857142857
2018-07-15,13362.571428571428
2018-07-16,13730.0
2018-07-17,14270.57142857143
2018-07-18,14811.142857142857
2018-07-19,15351.714285714286
2018-07-20,15892.285714285714
2018-07-21,16432.85714285714
2018-07-22,16973.428571428572
2018-07-23,17514.0
2018-07-24,17543.428571428572
2018-07-25,17572.85714285714
2018-07-26,17602.285714285714
2018-07-27,17631.714285714286
2018-07-28,17661.14285714286
2018-07-29,17690.571428571428
2018-07-30,17720.0
2018-07-31,16461.285714285714
2018-08-01,15202.571428571428
2018-08-02,13943.857142857143
2018-08-03,12685.142857142857
2018-08-04,11426.42857142857
2018-08-05,10167.714285714286
2018-08-06,8909.0
2018-08-07,9623.857142857143
2018-08-08,10338.714285714286
2018-08-09,11053.571428571428
2018-08-10,11768.428571428572
2018-08-11,12483.285714285714
2018-08-12,13198.142857142857
2018-08-13,13913.0
2018-08-14,13658.42857142857
2018-08-15,13403.857142857143
2018-08-16,13149.285714285714
2018-08-17,12894.714285714286
2018-08-18,12640.142857142857
2018-08-19,12385.571428571428
2018-08-20,12131.0
2018-08-21,13597.42857142857
2018-08-22,15063.857142857143
2018-08-23,16530.285714285714
2018-08-24,17996.714285714286
2018-08-25,19463.142857142855
2018-08-26,20929.571428571428
2018-08-27,22396.0
2018-08-28,19591.0
2018-08-29,16786.0
2018-08-30,13981.0
2018-08-31,11176.0
2018-09-01,8371.0
2018-09-02,5566.0
2018-09-03,2761.0
2018-09-04,2768.714285714286
2018-09-05,2776.4285714285716
2018-09-06,2784.1428571428573
2018-09-07,2791.8571428571427
2018-09-08,2799.5714285714284
2018-09-09,2807.285714285714
2018-09-10,2815.0
2018-09-11,3242.5714285714284
2018-09-12,3670.142857142857
2018-09-13,4097.714285714286
2018-09-14,4525.285714285714
2018-09-15,4952.857142857143
2018-09-16,5380.428571428572
2018-09-17,5808.0
2018-09-18,7389.142857142857
2018-09-19,8970.285714285714
2018-09-20,10551.428571428572
2018-09-21,12132.571428571428
2018-09-22,13713.714285714286
2018-09-23,15294.857142857143
2018-09-24,16876.0
2018-09-25,14947.714285714286
2018-09-26,13019.428571428572
2018-09-27,11091.142857142857
2018-09-28,9162.857142857143
2018-09-29,7234.571428571429
2018-09-30,5306.285714285714
2018-10-01,3378.0
2018-10-02,3662.8571428571427
2018-10-03,3947.714285714286
2018-10-04,4232.571428571428
2018-10-05,4517.428571428572
2018-10-06,4802.285714285714
2018-10-07,5087.142857142857
2018-10-08,5372.0
2018-10-09,5776.285714285715
2018-10-10,6180.571428571428
2018-10-11,6584.857142857143
2018-10-12,6989.142857142857
2018-10-13,7393.428571428572
2018-10-14,7797.714285714286
2018-10-15,8202.0
2018-10-16,8645.42857142857
2018-10-17,9088.857142857143
2018-10-18,9532.285714285714
2018-10-19,9975.714285714286
2018-10-20,10419.142857142857
2018-10-21,10862.571428571428
2018-10-22,11306.0
2018-10-23,12022.0
2018-10-24,12738.0
2018-10-25,13454.0
2018-10-26,14170.0
2018-10-27,14886.0
2018-10-28,15602.0
2018-10-29,16318.0
2018-10-30,14477.142857142857
2018-10-31,12636.285714285714
2018-11-01,10795.428571428572
2018-11-02,8954.571428571428
2018-11-03,7113.714285714286
2018-11-04,5272.857142857143
2018-11-05,3432.0
2018-11-06,4011.5714285714284
2018-11-07,4591.142857142857
2018-11-08,5170.714285714286
2018-11-09,5750.285714285714
2018-11-10,6329.857142857143
2018-11-11,6909.428571428572
2018-11-12,7489.0
2018-11-13,7661.285714285715
2018-11-14,7833.571428571428
2018-11-15,8005.857142857143
2018-11-16,8178.142857142857
2018-11-17,8350.42857142857
2018-11-18,8522.714285714286
2018-11-19,8695.0
2018-11-20,10517.285714285714
2018-11-21,12339.571428571428
2018-11-22,14161.857142857143
2018-11-23,15984.142857142857
2018-11-24,17806.428571428572
2018-11-25,19628.714285714286
2018-11-26,21451.0
2018-11-27,19055.571428571428
2018-11-28,16660.142857142855
2018-11-29,14264.714285714286
2018-11-30,11869.285714285714
2018-12-01,9473.857142857141
2018-12-02,7078.428571428571
2018-12-03,4683.0
2018-12-04,5075.0
2018-12-05,5467.0
2018-12-06,5859.0
2018-12-07,6251.0
2018-12-08,6643.0
2018-12-09,7035.0
2018-12-10,7427.0
2018-12-11,7959.857142857143
2018-12-12,8492.714285714286
2018-12-13,9025.57142857143
2018-12-14,9558.428571428572
2018-12-15,10091.285714285714
2018-12-16,10624.142857142857
2018-12-17,11157.0
2018-12-18,11570.714285714286
2018-12-19,11984.42857142857
2018-12-20,12398.142857142857
2018-12-21,12811.857142857143
2018-12-22,13225.571428571428
2018-12-23,13639.285714285714
2018-12-24,14053.0
2018-12-25,13082.0
2018-12-26,12111.0
2018-12-27,11140.0
2018-12-28,10169.0
2018-12-29,9198.0
2018-12-30,8227.0
2018-12-31,7256.0
2019-01-01,6856.428571428572
2019-01-02,6456.857142857143
2019-01-03,6057.285714285714
2019-01-04,5657.714285714286
2019-01-05,5258.142857142857
2019-01-06,4858.571428571428
2019-01-07,4459.0
2019-01-08,4959.142857142857
2019-01-09,5459.285714285715
2019-01-10,5959.428571428572
2019-01-11,6459.571428571428
2019-01-12,6959.714285714286
2019-01-13,7459.857142857143
2019-01-14,7960.0
2019-01-15,8456.0
2019-01-16,8952.0
2019-01-17,9448.0
2019-01-18,9944.0
2019-01-19,10440.0
2019-01-20,10936.0
2019-01-21,11432.0
2019-01-22,12882.285714285714
2019-01-23,14332.571428571428
2019-01-24,15782.857142857143
2019-01-25,17233.142857142855
2019-01-26,18683.428571428572
2019-01-27,20133.714285714286
2019-01-28,21584.0
2019-01-29,18637.85714285714
2019-01-30,15691.714285714286
2019-01-31,12745.571428571428
2019-02-01,9799.42857142857
2019-02-02,6853.285714285714
2019-02-03,3907.142857142855
2019-02-04,961.0
2019-02-05,1519.857142857143
2019-02-06,2078.714285714286
2019-02-07,2637.5714285714284
2019-02-08,3196.4285714285716
2019-02-09,3755.2857142857147
2019-02-10,4314.142857142857
2019-02-11,4873.0
2019-02-12,5692.428571428572
2019-02-13,6511.857142857143
2019-02-14,7331.285714285714
2019-02-15,8150.714285714286
2019-02-16,8970.142857142857
2019-02-17,9789.571428571428
2019-02-18,10609.0
2019-02-19,11828.857142857143
2019-02-20,13048.714285714286
2019-02-21,14268.571428571428
2019-02-22,15488.428571428572
2019-02-23,16708.285714285714
2019-02-24,17928.142857142855
2019-02-25,19148.0
2019-02-26,17281.285714285714
2019-02-27,15414.571428571428
2019-02-28,13547.857142857143
2019-03-01,11681.142857142857
2019-03-02,9814.42857142857
2019-03-03,7947.714285714286
2019-03-04,6081.0
2019-03-05,6505.428571428572
2019-03-06,6929.857142857143
2019-03-07,7354.285714285714
2019-03-08,7778.714285714286
2019-03-09,8203.142857142857
2019-03-10,8627.571428571428
2019-03-11,9052.0
2019-03-12,9466.857142857143
2019-03-13,9881.714285714286
2019-03-14,10296.571428571428
2019-03-15,10711.42857142857
2019-03-16,11126.285714285714
2019-03-17,11541.142857142857
2019-03-18,11956.0
2019-03-19,13493.142857142857
2019-03-20,15030.285714285714
2019-03-21,16567.428571428572
2019-03-22,18104.571428571428
2019-03-23,19641.714285714286
2019-03-24,21178.857142857145
2019-03-25,22716.0
2019-03-26,20082.571428571428
2019-03-27,17449.142857142855
2019-03-28,14815.714285714286
2019-03-29,12182.285714285714
2019-03-30,9548.857142857141
2019-03-31,6915.428571428571
2019-04-01,4282.0
2019-04-02,4691.857142857143
2019-04-03,5101.714285714285
2019-04-04,5511.571428571428
2019-04-05,5921.428571428572
2019-04-06,6331.285714285714
2019-04-07,6741.142857142857
2019-04-08,7151.0
2019-04-09,7486.714285714285
2019-04-10,7822.428571428572
2019-04-11,8158.142857142857
2019-04-12,8493.857142857143
2019-04-13,8829.57142857143
2019-04-14,9165.285714285714
2019-04-15,9501.0
2019-04-16,10086.714285714286
2019-04-17,10672.42857142857
2019-04-18,11258.142857142857
2019-04-19,11843.857142857143
2019-04-20,12429.571428571428
2019-04-21,13015.285714285714
2019-04-22,13601.0
2019-04-23,13752.0
2019-04-24,13903.0
2019-04-25,14054.0
2019-04-26,14205.0
2019-04-27,14356.0
2019-04-28,14507.0
2019-04-29,14658.0
2019-04-30,13555.285714285714
2019-05-01,12452.571428571428
2019-05-02,11349.857142857143
2019-05-03,10247.142857142857
2019-05-04,9144.42857142857
2019-05-05,8041.714285714285
2019-05-06,6939.0
2019-05-07,7582.0
2019-05-08,8225.0
2019-05-09,8868.0
2019-05-10,9511.0
2019-05-11,10154.0
2019-05-12,10797.0
2019-05-13,11440.0
2019-05-14,11465.857142857143
2019-05-15,11491.714285714286
2019-05-16,11517.57142857143
2019-05-17,11543.42857142857
2019-05-18,11569.285714285714
2019-05-19,11595.142857142857
2019-05-20,11621.0
2019-05-21,13769.142857142857
2019-05-22,15917.285714285714
2019-05-23,18065.428571428572
2019-05-24,20213.571428571428
2019-05-25,22361.714285714286
2019-05-26,24509.857142857145
2019-05-27,26658.0
2019-05-28,23077.0
2019-05-29,19496.0
2019-05-30,15915.0
2019-05-31,12334.0
2019-06-01,8753.0
2019-06-02,5172.0
2019-06-03,1591.0
2019-06-04,1879.5714285714284
2019-06-05,2168.142857142857
2019-06-06,2456.714285714286
2019-06-07,2745.285714285714
2019-06-08,3033.8571428571427
2019-06-09,3322.4285714285716
2019-06-10,3611.0
2019-06-11,4306.285714285715
2019-06-12,5001.571428571428
2019-06-13,5696.857142857143
2019-06-14,6392.142857142857
2019-06-15,7087.428571428572
2019-06-16,7782.714285714286
2019-06-17,8478.0
2019-06-18,10722.285714285714
2019-06-19,12966.571428571428
2019-06-20,15210.857142857143
2019-06-21,17455.142857142855
2019-06-22,19699.428571428572
2019-06-23,21943.714285714286
2019-06-24,24188.0
2019-06-25,21309.285714285714
2019-06-26,18430.571428571428
2019-06-27,15551.857142857143
2019-06-28,12673.142857142857
2019-06-29,9794.42857142857
2019-06-30,6915.714285714286
2019-07-01,4037.0
2019-07-02,4478.142857142857
2019-07-03,4919.285714285715
2019-07-04,5360.428571428572
2019-07-05,5801.571428571428
2019-07-06,6242.714285714286
2019-07-07,6683.857142857143
2019-07-08,7125.0
2019-07-09,7768.857142857143
2019-07-10,8412.714285714286
2019-07-11,9056.57142857143
2019-07-12,9700.428571428572
2019-07-13,10344.285714285714
2019-07-14,10988.142857142857
2019-07-15,11632.0
2019-07-16,12116.42857142857
2019-07-17,12600.857142857143
2019-07-18,13085.285714285714
2019-07-19,13569.714285714286
2019-07-20,14054.142857142857
2019-07-21,14538.571428571428
2019-07-22,15023.0
2019-07-23,14646.285714285714
2019-07-24,14269.57142857143
2019-07-25,13892.857142857143
2019-07-26,13516.142857142857
2019-07-27,13139.42857142857
2019-07-28,12762.714285714286
2019-07-29,12386.0
2019-07-30,11595.57142857143
2019-07-31,10805.142857142857
2019-08-01,10014.714285714286
2019-08-02,9224.285714285714
2019-08-03,8433.857142857143
2019-08-04,7643.428571428572
2019-08-05,6853.0
2019-08-06,6814.142857142857
2019-08-07,6775.285714285715
2019-08-08,6736.428571428572
2019-08-09,6697.571428571428
2019-08-10,6658.714285714285
2019-08-11,6619.857142857143
2019-08-12,6581.0
2019-08-13,7144.285714285715
2019-08-14,7707.571428571428
2019-08-15,8270.857142857143
2019-08-16,8834.142857142857
2019-08-17,9397.428571428572
2019-08-18,9960.714285714286
2019-08-19,10524.0
2019-08-20,12293.0
2019-08-21,14062.0
2019-08-22,15831.0
2019-08-23,17600.0
2019-08-24,19369.0
2019-08-25,21138.0
2019-08-26,22907.0
2019-08-27,20154.428571428572
2019-08-28,17401.857142857145
2019-08-29,14649.285714285714
2019-08-30,11896.714285714286
2019-08-31,9144.142857142859
2019-09-01,6391.5714285714275
2019-09-02,3639.0
2019-09-03,4026.285714285714
2019-09-04,4413.571428571428
2019-09-05,4800.857142857143
2019-09-06,5188.142857142857
2019-09-07,5575.428571428572
2019-09-08,5962.714285714286
2019-09-09,6350.0
2019-09-10,6506.428571428572
2019-09-11,6662.857142857143
2019-09-12,6819.285714285714
2019-09-13,6975.714285714285
2019-09-14,7132.142857142857
2019-09-15,7288.571428571428
2019-09-16,7445.0
2019-09-17,8617.42857142857
2019-09-18,9789.857142857143
2019-09-19,10962.285714285714
2019-09-20,12134.714285714286
2019-09-21,13307.142857142857
2019-09-22,14479.571428571428
2019-09-23,15652.0
2019-09-24,15065.285714285714
2019-09-25,14478.57142857143
2019-09-26,13891.857142857143
2019-09-27,13305.142857142857
2019-09-28,12718.428571428572
2019-09-29,12131.714285714286
2019-09-30,11545.0
2019-10-01,10647.42857142857
2019-10-02,9749.857142857143
2019-10-03,8852.285714285714
2019-10-04,7954.714285714286
2019-10-05,7057.142857142857
2019-10-06,6159.571428571428
2019-10-07,5262.0
2019-10-08,6182.428571428572
2019-10-09,7102.857142857143
2019-10-10,8023.285714285714
2019-10-11,8943.714285714286
2019-10-12,9864.142857142857
2019-10-13,10784.571428571428
2019-10-14,11705.0
2019-10-15,12021.57142857143
2019-10-16,12338.142857142857
2019-10-17,12654.714285714286
2019-10-18,12971.285714285714
2019-10-19,13287.857142857143
2019-10-20,13604.42857142857
2019-10-21,13921.0
2019-10-22,14281.142857142857
2019-10-23,14641.285714285714
2019-10-24,15001.428571428572
2019-10-25,15361.57142857143
2019-10-26,15721.714285714286
2019-10-27,16081.857142857143
2019-10-28,16442.0
2019-10-29,14711.714285714286
2019-10-30,12981.428571428572
2019-10-31,11251.142857142857
2019-11-01,9520.857142857143
2019-11-02,7790.571428571429
2019-11-03,6060.285714285714
2019-11-04,4330.0
2019-11-05,4711.428571428572
2019-11-06,5092.857142857143
2019-11-07,5474.285714285714
2019-11-08,5855.714285714286
2019-11-09,6237.142857142857
2019-11-10,6618.571428571428
2019-11-11,7000.0
2019-11-12,7680.571428571428
2019-11-13,8361.142857142857
2019-11-14,9041.714285714286
2019-11-15,9722.285714285714
2019-11-16,10402.857142857143
2019-11-17,11083.428571428572
2019-11-18,11764.0
2019-11-19,13614.57142857143
2019-11-20,15465.142857142857
2019-11-21,17315.714285714286
2019-11-22,19166.285714285714
2019-11-23,21016.857142857145
2019-11-24,22867.428571428572
2019-11-25,24718.0
2019-11-26,21846.85714285714
2019-11-27,18975.714285714286
2019-11-28,16104.571428571428
2019-11-29,13233.42857142857
2019-11-30,10362.285714285714
2019-12-01,7491.142857142855
2019-12-02,4620.0
2019-12-03,5084.714285714285
2019-12-04,5549.428571428572
2019-12-05,6014.142857142857
2019-12-06,6478.857142857143
2019-12-07,6943.571428571428
2019-12-08,7408.285714285714
2019-12-09,7873.0
2019-12-10,8604.0
2019-12-11,9335.0
2019-12-12,10066.0
2019-12-13,10797.0
2019-12-14,11528.0
2019-12-15,12259.0
2019-12-16,12990.0
2019-12-17,13053.714285714286
2019-12-18,13117.42857142857
2019-12-19,13181.142857142857
2019-12-20,13244.857142857143
2019-12-21,13308.57142857143
2019-12-22,13372.285714285714
2019-12-23,13436.0
2019-12-24,13520.857142857143
2019-12-25,13605.714285714286
2019-12-26,13690.57142857143
2019-12-27,13775.42857142857
2019-12-28,13860.285714285714
2019-12-29,13945.142857142857
2019-12-30,14030.0
2019-12-31,12702.0
2020-01-01,11374.0
2020-01-02,10046.0
2020-01-03,8718.0
2020-01-04,7390.0
2020-01-05,6062.0
2020-01-06,4734.0
2020-01-07,5562.428571428572
2020-01-08,6390.857142857143
2020-01-09,7219.285714285714
2020-01-10,8047.714285714286
2020-01-11,8876.142857142857
2020-01-12,9704.571428571428
2020-01-13,10533.0
2020-01-14,11020.57142857143
2020-01-15,11508.142857142857
2020-01-16,11995.714285714286
2020-01-17,12483.285714285714
2020-01-18,12970.857142857143
2020-01-19,13458.428571428572
2020-01-20,13946.0
2020-01-21,13737.714285714286
2020-01-22,13529.42857142857
2020-01-23,13321.142857142857
2020-01-24,13112.857142857143
2020-01-25,12904.57142857143
2020-01-26,12696.285714285714
2020-01-27,12488.0
2020-01-28,11218.285714285714
2020-01-29,9948.571428571428
2020-01-30,8678.857142857143
2020-01-31,7409.142857142857
2020-02-01,6139.428571428571
2020-02-02,4869.714285714285
2020-02-03,3600.0
2020-02-04,4048.1428571428573
2020-02-05,4496.285714285715
2020-02-06,4944.428571428572
2020-02-07,5392.571428571428
2020-02-08,5840.714285714286
2020-02-09,6288.857142857143
2020-02-10,6737.0
2020-02-11,7166.571428571428
2020-02-12,7596.142857142857
2020-02-13,8025.714285714286
2020-02-14,8455.285714285714
2020-02-15,8884.857142857143
2020-02-16,9314.428571428572
2020-02-17,9744.0
2020-02-18,11146.0
2020-02-19,12548.0
2020-02-20,13950.0
2020-02-21,15352.0
2020-02-22,16754.0
2020-02-23,18156.0
2020-02-24,19558.0
2020-02-25,17364.714285714286
2020-02-26,15171.428571428572
2020-02-27,12978.142857142857
2020-02-28,10784.857142857143
2020-02-29,8591.57142857143
2020-03-01,6398.285714285714
2020-03-02,4205.0
2020-03-03,4992.714285714285
2020-03-04,5780.428571428572
2020-03-05,6568.142857142857
2020-03-06,7355.857142857143
2020-03-07,8143.571428571428
2020-03-08,8931.285714285714
2020-03-09,9719.0
2020-03-10,9285.285714285714
2020-03-11,8851.57142857143
2020-03-12,8417.857142857143
2020-03-13,7984.142857142857
2020-03-14,7550.428571428572
2020-03-15,7116.714285714286
2020-03-16,6683.0
2020-03-17,5756.428571428572
2020-03-18,4829.857142857143
2020-03-19,3903.285714285714
2020-03-20,2976.714285714286
2020-03-21,2050.142857142857
2020-03-22,1123.5714285714284
2020-03-23,197.0
2020-03-24,197.71428571428572
2020-03-25,198.42857142857142
2020-03-26,199.14285714285714
2020-03-27,199.85714285714286
2020-03-28,200.57142857142858
2020-03-29,201.28571428571428
2020-03-30,202.0
2020-03-31,175.14285714285714
2020-04-01,148.28571428571428
2020-04-02,121.42857142857143
2020-04-03,94.57142857142857
2020-04-04,67.71428571428572
2020-04-05,40.85714285714286
2020-04-06,14.0
2020-04-07,22.0
2020-04-08,30.0
2020-04-09,38.0
2020-04-10,46.0
2020-04-11,54.0
2020-04-12,62.0
2020-04-13,70.0
2020-04-14,62.42857142857143
2020-04-15,54.85714285714286
2020-04-16,47.285714285714285
2020-04-17,39.714285714285715
2020-04-18,32.142857142857146
2020-04-19,24.57142857142857
2020-04-20,17.0
2020-04-21,16.285714285714285
2020-04-22,15.571428571428571
2020-04-23,14.857142857142858
2020-04-24,14.142857142857142
2020-04-25,13.428571428571429
2020-04-26,12.714285714285715
2020-04-27,12.0
2020-04-28,32.42857142857143
2020-04-29,52.857142857142854
2020-04-30,73.28571428571428
2020-05-01,93.71428571428571
2020-05-02,114.14285714285714
2020-05-03,134.57142857142856
2020-05-04,155.0
2020-05-05,672.5714285714286
2020-05-06,1190.142857142857
2020-05-07,1707.7142857142858
2020-05-08,2225.285714285714
2020-05-09,2742.8571428571427
2020-05-10,3260.4285714285716
2020-05-11,3778.0
2020-05-12,4837.428571428572
2020-05-13,5896.857142857143
2020-05-14,6956.285714285714
2020-05-15,8015.714285714285
2020-05-16,9075.142857142857
2020-05-17,10134.571428571428
2020-05-18,11194.0
2020-05-19,10620.714285714286
2020-05-20,10047.42857142857
2020-05-21,9474.142857142857
2020-05-22,8900.857142857143
2020-05-23,8327.571428571428
2020-05-24,7754.285714285714
2020-05-25,7181.0
2020-05-26,6639.714285714285
2020-05-27,6098.428571428572
2020-05-28,5557.142857142857
2020-05-29,5015.857142857143
2020-05-30,4474.571428571428
2020-05-31,3933.2857142857138
2020-06-01,3392.0
2020-06-02,3265.0
2020-06-03,3138.0
2020-06-04,3011.0
2020-06-05,2884.0
2020-06-06,2757.0
2020-06-07,2630.0
2020-06-08,2503.0
2020-06-09,3140.0
2020-06-10,3777.0
2020-06-11,4414.0
2020-06-12,5051.0
2020-06-13,5688.0
2020-06-14,6325.0
2020-06-15,6962.0
2020-06-16,8322.857142857143
2020-06-17,9683.714285714286
2020-06-18,11044.571428571428
2020-06-19,12405.428571428572
2020-06-20,13766.285714285714
2020-06-21,15127.142857142857
2020-06-22,16488.0
2020-06-23,16555.285714285714
2020-06-24,16622.571428571428
2020-06-25,16689.85714285714
2020-06-26,16757.14285714286
2020-06-27,16824.428571428572
2020-06-28,16891.714285714286
2020-06-29,16959.0
2020-06-30,15821.42857142857
2020-07-01,14683.857142857143
2020-07-02,13546.285714285714
2020-07-03,12408.714285714286
2020-07-04,11271.142857142857
2020-07-05,10133.571428571428
2020-07-06,8996.0
2020-07-07,9327.142857142857
2020-07-08,9658.285714285714
2020-07-09,9989.428571428572
2020-07-10,10320.57142857143
2020-07-11,10651.714285714286
2020-07-12,10982.857142857143
2020-07-13,11314.0
2020-07-14,11990.42857142857
2020-07-15,12666.857142857143
2020-07-16,13343.285714285714
2020-07-17,14019.714285714286
2020-07-18,14696.142857142857
2020-07-19,15372.571428571428
2020-07-20,16049.0
2020-07-21,16364.142857142857
2020-07-22,16679.285714285714
2020-07-23,16994.428571428572
2020-07-24,17309.571428571428
2020-07-25,17624.714285714286
2020-07-26,17939.857142857145
2020-07-27,18255.0
2020-07-28,16264.0
2020-07-29,14273.0
2020-07-30,12282.0
2020-07-31,10291.0
2020-08-01,8300.0
2020-08-02,6309.0
2020-08-03,4318.0
2020-08-04,5046.571428571428
2020-08-05,5775.142857142857
2020-08-06,6503.714285714286
2020-08-07,7232.285714285714
2020-08-08,7960.857142857143
2020-08-09,8689.428571428572
2020-08-10,9418.0
2020-08-11,9820.142857142857
2020-08-12,10222.285714285714
2020-08-13,10624.428571428572
2020-08-14,11026.57142857143
2020-08-15,11428.714285714286
2020-08-16,11830.857142857143
2020-08-17,12233.0
2020-08-18,14140.714285714286
2020-08-19,16048.428571428572
2020-08-20,17956.142857142855
2020-08-21,19863.857142857145
2020-08-22,21771.571428571428
2020-08-23,23679.285714285714
2020-08-24,25587.0
2020-08-25,22448.85714285714
2020-08-26,19310.714285714286
2020-08-27,16172.571428571428
2020-08-28,13034.42857142857
2020-08-29,9896.285714285714
2020-08-30,6758.142857142855
2020-08-31,3620.0
2020-09-01,4447.0
2020-09-02,5274.0
2020-09-03,6101.0
2020-09-04,6928.0
2020-09-05,7755.0
2020-09-06,8582.0
2020-09-07,9409.0
2020-09-08,9696.57142857143
2020-09-09,9984.142857142857
2020-09-10,10271.714285714286
2020-09-11,10559.285714285714
2020-09-12,10846.857142857143
2020-09-13,11134.42857142857
2020-09-14,11422.0
2020-09-15,12028.285714285714
2020-09-16,12634.57142857143
2020-09-17,13240.857142857143
2020-09-18,13847.142857142857
2020-09-19,14453.428571428572
2020-09-20,15059.714285714286
2020-09-21,15666.0
2020-09-22,16014.714285714286
2020-09-23,16363.42857142857
2020-09-24,16712.14285714286
2020-09-25,17060.85714285714
2020-09-26,17409.571428571428
2020-09-27,17758.285714285714
2020-09-28,18107.0
2020-09-29,16556.85714285714
2020-09-30,15006.714285714286
2020-10-01,13456.571428571428
2020-10-02,11906.428571428572
2020-10-03,10356.285714285714
2020-10-04,8806.142857142857
2020-10-05,7256.0
2020-10-06,7732.285714285715
2020-10-07,8208.57142857143
2020-10-08,8684.857142857143
2020-10-09,9161.142857142857
2020-10-10,9637.428571428572
2020-10-11,10113.714285714286
2020-10-12,10590.0
2020-10-13,11002.857142857143
2020-10-14,11415.714285714286
2020-10-15,11828.571428571428
2020-10-16,12241.42857142857
2020-10-17,12654.285714285714
2020-10-18,13067.142857142857
2020-10-19,13480.0
2020-10-20,14879.714285714286
2020-10-21,16279.428571428572
2020-10-22,17679.142857142855
2020-10-23,19078.857142857145
2020-10-24,20478.571428571428
2020-10-25,21878.285714285714
2020-10-26,23278.0
2020-10-27,20610.85714285714
2020-10-28,17943.714285714286
2020-10-29,15276.571428571428
2020-10-30,12609.42857142857
2020-10-31,9942.285714285714
2020-11-01,7275.142857142855
2020-11-02,4608.0
2020-11-03,5124.571428571428
2020-11-04,5641.142857142857
2020-11-05,6157.714285714286
2020-11-06,6674.285714285714
2020-11-07,7190.857142857143
2020-11-08,7707.428571428572
2020-11-09,8224.0
2020-11-10,8703.714285714286
2020-11-11,9183.42857142857
2020-11-12,9663.142857142857
2020-11-13,10142.857142857143
2020-11-14,10622.571428571428
2020-11-15,11102.285714285714
2020-11-16,11582.0
2020-11-17,12951.142857142857
2020-11-18,14320.285714285714
2020-11-19,15689.428571428572
2020-11-20,17058.571428571428
2020-11-21,18427.714285714286
2020-11-22,19796.857142857145
2020-11-23,21166.0
2020-11-24,19897.571428571428
2020-11-25,18629.14285714286
2020-11-26,17360.714285714286
2020-11-27,16092.285714285714
2020-11-28,14823.857142857143
2020-11-29,13555.428571428572
2020-11-30,12287.0
2020-12-01,11608.285714285714
2020-12-02,10929.57142857143
2020-12-03,10250.857142857143
2020-12-04,9572.142857142857
2020-12-05,8893.428571428572
2020-12-06,8214.714285714286
2020-12-07,7536.0
2020-12-08,8433.714285714286
2020-12-09,9331.42857142857
2020-12-10,10229.142857142857
2020-12-11,11126.857142857143
2020-12-12,12024.571428571428
2020-12-13,12922.285714285714
2020-12-14,13820.0
2020-12-15,14198.0
2020-12-16,14576.0
2020-12-17,14954.0
2020-12-18,15332.0
2020-12-19,15710.0
2020-12-20,16088.0
2020-12-21,16466.0
2020-12-22,17631.714285714286
2020-12-23,18797.428571428572
2020-12-24,19963.14285714286
2020-12-25,21128.857142857145
2020-12-26,22294.571428571428
2020-12-27,23460.285714285714
2020-12-28,24626.0
2020-12-29,21453.85714285714
2020-12-30,18281.714285714286
2020-12-31,15109.571428571428
2021-01-01,11937.42857142857
2021-01-02,8765.285714285714
2021-01-03,5593.142857142855
2021-01-04,2421.0
2021-01-05,2511.1428571428573
2021-01-06,2601.285714285714
2021-01-07,2691.4285714285716
2021-01-08,2781.5714285714284
2021-01-09,2871.714285714286
2021-01-10,2961.857142857143
2021-01-11,3052.0
2021-01-12,3390.8571428571427
2021-01-13,3729.714285714286
2021-01-14,4068.5714285714284
2021-01-15,4407.428571428572
2021-01-16,4746.285714285714
2021-01-17,5085.142857142857
2021-01-18,5424.0
2021-01-19,7676.0
2021-01-20,9928.0
2021-01-21,12180.0
2021-01-22,14432.0
2021-01-23,16684.0
2021-01-24,18936.0
2021-01-25,21188.0
2021-01-26,18761.428571428572
2021-01-27,16334.857142857143
2021-01-28,13908.285714285714
2021-01-29,11481.714285714286
2021-01-30,9055.142857142859
2021-01-31,6628.571428571429
2021-02-01,4202.0
2021-02-02,4407.428571428572
2021-02-03,4612.857142857143
2021-02-04,4818.285714285714
2021-02-05,5023.714285714285
2021-02-06,5229.142857142857
2021-02-07,5434.571428571428
2021-02-08,5640.0
2021-02-09,5911.285714285715
2021-02-10,6182.571428571428
2021-02-11,6453.857142857143
2021-02-12,6725.142857142857
2021-02-13,6996.428571428572
2021-02-14,7267.714285714286
2021-02-15,7539.0
2021-02-16,9750.285714285714
2021-02-17,11961.571428571428
2021-02-18,14172.857142857143
2021-02-19,16384.142857142855
2021-02-20,18595.428571428572
2021-02-21,20806.714285714286
2021-02-22,23018.0
2021-02-23,20221.428571428572
2021-02-24,17424.857142857145
2021-02-25,14628.285714285714
2021-02-26,11831.714285714286
2021-02-27,9035.142857142859
2021-02-28,6238.5714285714275
2021-03-01,3442.0
2021-03-02,4005.4285714285716
2021-03-03,4568.857142857143
2021-03-04,5132.285714285714
2021-03-05,5695.714285714286
2021-03-06,6259.142857142857
2021-03-07,6822.571428571428
2021-03-08,7386.0
2021-03-09,8090.0
2021-03-10,8794.0
2021-03-11,9498.0
2021-03-12,10202.0
2021-03-13,10906.0
2021-03-14,11610.0
2021-03-15,12314.0
2021-03-16,12992.142857142857
2021-03-17,13670.285714285714
2021-03-18,14348.42857142857
2021-03-19,15026.571428571428
2021-03-20,15704.714285714286
2021-03-21,16382.857142857143
2021-03-22,17061.0
2021-03-23,17766.285714285714
2021-03-24,18471.571428571428
2021-03-25,19176.857142857145
2021-03-26,19882.14285714286
2021-03-27,20587.428571428572
2021-03-28,21292.714285714286
2021-03-29,21998.0
2021-03-30,19552.428571428572
2021-03-31,17106.857142857145
2021-04-01,14661.285714285714
2021-04-02,12215.714285714286
2021-04-03,9770.142857142859
2021-04-04,7324.571428571429
2021-04-05,4879.0
2021-04-06,5519.142857142857
2021-04-07,6159.285714285714
2021-04-08,6799.428571428572
2021-04-09,7439.571428571428
2021-04-10,8079.714285714285
2021-04-11,8719.857142857143
2021-04-12,9360.0
2021-04-13,10192.142857142857
2021-04-14,11024.285714285714
2021-04-15,11856.428571428572
2021-04-16,12688.571428571428
2021-04-17,13520.714285714286
2021-04-18,14352.857142857143
2021-04-19,15185.0
2021-04-20,16684.428571428572
2021-04-21,18183.85714285714
2021-04-22,19683.285714285714
2021-04-23,21182.714285714286
2021-04-24,22682.142857142855
2021-04-25,24181.571428571428
2021-04-26,25681.0
2021-04-27,22840.714285714286
2021-04-28,20000.428571428572
2021-04-29,17160.142857142855
2021-04-30,14319.857142857143
2021-05-01,11479.57142857143
2021-05-02,8639.285714285714
2021-05-03,5799.0
2021-05-04,5892.142857142857
2021-05-05,5985.285714285715
2021-05-06,6078.428571428572
2021-05-07,6171.571428571428
2021-05-08,6264.714285714285
2021-05-09,6357.857142857143
2021-05-10,6451.0
2021-05-11,6720.714285714285
2021-05-12,6990.428571428572
2021-05-13,7260.142857142857
2021-05-14,7529.857142857143
2021-05-15,7799.571428571428
2021-05-16,8069.285714285714
2021-05-17,8339.0
2021-05-18,9706.0
2021-05-19,11073.0
2021-05-20,12440.0
2021-05-21,13807.0
2021-05-22,15174.0
2021-05-23,16541.0
2021-05-24,17908.0
2021-05-25,16356.857142857143
2021-05-26,14805.714285714286
2021-05-27,13254.571428571428
2021-05-28,11703.428571428572
2021-05-29,10152.285714285714
2021-05-30,8601.142857142857
2021-05-31,7050.0
2021-06-01,6067.0
2021-06-02,5084.0
2021-06-03,4101.0
2021-06-04,3118.0
2021-06-05,2135.0
2021-06-06,1152.0
2021-06-07,169.0
2021-06-08,178.85714285714286
2021-06-09,188.71428571428572
2021-06-10,198.57142857142858
2021-06-11,208.42857142857144
2021-06-12,218.28571428571428
2021-06-13,228.14285714285714
2021-06-14,238.0
2021-06-15,277.2857142857143
2021-06-16,316.57142857142856
2021-06-17,355.8571428571429
2021-06-18,395.1428571428571
2021-06-19,434.42857142857144
2021-06-20,473.7142857142857
2021-06-21,513.0
2021-06-22,621.8571428571429
2021-06-23,730.7142857142858
2021-06-24,839.5714285714286
2021-06-25,948.4285714285714
2021-06-26,1057.2857142857142
2021-06-27,1166.142857142857
2021-06-28,1275.0
2021-06-29,1248.4285714285713
2021-06-30,1221.857142857143
2021-07-01,1195.2857142857142
2021-07-02,1168.7142857142858
2021-07-03,1142.142857142857
2021-07-04,1115.5714285714284
2021-07-05,1089.0
2021-07-06,1124.857142857143
2021-07-07,1160.7142857142858
2021-07-08,1196.5714285714284
2021-07-09,1232.4285714285713
2021-07-10,1268.2857142857142
2021-07-11,1304.142857142857
2021-07-12,1340.0
2021-07-13,1320.4285714285713
2021-07-14,1300.857142857143
2021-07-15,1281.2857142857142
2021-07-16,1261.7142857142858
2021-07-17,1242.142857142857
2021-07-18,1222.5714285714284
2021-07-19,1203.0
2021-07-20,1430.4285714285713
2021-07-21,1657.857142857143
2021-07-22,1885.2857142857142
2021-07-23,2112.714285714286
2021-07-24,2340.142857142857
2021-07-25,2567.5714285714284
2021-07-26,2795.0
2021-07-27,2562.285714285714
2021-07-28,2329.5714285714284
2021-07-29,2096.857142857143
2021-07-30,1864.142857142857
2021-07-31,1631.4285714285713
2021-08-01,1398.7142857142858
2021-08-02,1166.0
2021-08-03,1216.7142857142858
2021-08-04,1267.4285714285713
2021-08-05,1318.142857142857
2021-08-06,1368.857142857143
2021-08-07,1419.5714285714287
2021-08-08,1470.2857142857142
2021-08-09,1521.0
2021-08-10,1610.857142857143
2021-08-11,1700.7142857142858
2021-08-12,1790.5714285714284
2021-08-13,1880.4285714285716
2021-08-14,1970.2857142857142
2021-08-15,2060.142857142857
2021-08-16,2150.0
2021-08-17,2649.714285714286
2021-08-18,3149.4285714285716
2021-08-19,3649.142857142857
2021-08-20,4148.857142857143
2021-08-21,4648.571428571428
2021-08-22,5148.285714285714
2021-08-23,5648.0
2021-08-24,6051.0
2021-08-25,6454.0
2021-08-26,6857.0
2021-08-27,7260.0
2021-08-28,7663.0
2021-08-29,8066.0
2021-08-30,8469.0
2021-08-31,7969.714285714285
2021-09-01,7470.428571428572
2021-09-02,6971.142857142857
2021-09-03,6471.857142857143
2021-09-04,5972.571428571428
2021-09-05,5473.285714285714
2021-09-06,4974.0
2021-09-07,5215.142857142857
2021-09-08,5456.285714285715
2021-09-09,5697.428571428572
2021-09-10,5938.571428571428
2021-09-11,6179.714285714286
2021-09-12,6420.857142857143
2021-09-13,6662.0
2021-09-14,7279.571428571428
2021-09-15,7897.142857142857
2021-09-16,8514.714285714286
2021-09-17,9132.285714285714
2021-09-18,9749.857142857143
2021-09-19,10367.428571428572
2021-09-20,10985.0
2021-09-21,11882.857142857143
2021-09-22,12780.714285714286
2021-09-23,13678.571428571428
2021-09-24,14576.428571428572
2021-09-25,15474.285714285714
2021-09-26,16372.142857142857
2021-09-27,17270.0
2021-09-28,15515.142857142857
2021-09-29,13760.285714285714
2021-09-30,12005.428571428572
2021-10-01,10250.571428571428
2021-10-02,8495.714285714286
2021-10-03,6740.857142857143
2021-10-04,4986.0
2021-10-05,5899.857142857143
2021-10-06,6813.714285714286
2021-10-07,7727.571428571428
2021-10-08,8641.428571428572
2021-10-09,9555.285714285714
2021-10-10,10469.142857142857
2021-10-11,11383.0
2021-10-12,11563.57142857143
2021-10-13,11744.142857142857
2021-10-14,11924.714285714286
2021-10-15,12105.285714285714
2021-10-16,12285.857142857143
2021-10-17,12466.428571428572
2021-10-18,12647.0
2021-10-19,15374.0
2021-10-20,18101.0
2021-10-21,20828.0
2021-10-22,23555.0
2021-10-23,26282.0
2021-10-24,29009.0
2021-10-25,31736.0
2021-10-26,27666.0
2021-10-27,23596.0
2021-10-28,19526.0
2021-10-29,15456.0
2021-10-30,11386.0
2021-10-31,7316.0
2021-11-01,3246.0
2021-11-02,3914.857142857143
2021-11-03,4583.714285714286
2021-11-04,5252.571428571428
2021-11-05,5921.428571428572
2021-11-06,6590.285714285715
2021-11-07,7259.142857142857
2021-11-08,7928.0
2021-11-09,8475.57142857143
2021-11-10,9023.142857142857
2021-11-11,9570.714285714286
2021-11-12,10118.285714285714
2021-11-13,10665.857142857143
2021-11-14,11213.428571428572
2021-11-15,11761.0
2021-11-16,12671.285714285714
2021-11-17,13581.57142857143
2021-11-18,14491.857142857143
2021-11-19,15402.142857142857
2021-11-20,16312.428571428572
2021-11-21,17222.714285714286
2021-11-22,18133.0
2021-11-23,18336.428571428572
2021-11-24,18539.85714285714
2021-11-25,18743.285714285714
2021-11-26,18946.714285714286
2021-11-27,19150.14285714286
2021-11-28,19353.571428571428
2021-11-29,19557.0
2021-11-30,17952.428571428572
2021-12-01,16347.857142857143
2021-12-02,14743.285714285714
2021-12-03,13138.714285714286
2021-12-04,11534.142857142857
2021-12-05,9929.571428571428
2021-12-06,8325.0
2021-12-07,9056.714285714286
2021-12-08,9788.42857142857
2021-12-09,10520.142857142857
2021-12-10,11251.857142857143
2021-12-11,11983.571428571428
2021-12-12,12715.285714285714
2021-12-13,13447.0
2021-12-14,13757.714285714286
2021-12-15,14068.42857142857
2021-12-16,14379.142857142857
2021-12-17,14689.857142857143
2021-12-18,15000.57142857143
2021-12-19,15311.285714285714
2021-12-20,15622.0
2021-12-21,16522.85714285714
2021-12-22,17423.714285714286
2021-12-23,18324.571428571428
2021-12-24,19225.428571428572
2021-12-25,20126.285714285714
2021-12-26,21027.142857142855
2021-12-27,21928.0
2021-12-28,19067.428571428572
2021-12-29,16206.857142857143
2021-12-30,13346.285714285714
2021-12-31,10485.714285714286
2022-01-01,7625.142857142859
2022-01-02,4764.5714285714275
2022-01-03,1904.0
2022-01-04,2208.8571428571427
2022-01-05,2513.714285714286
2022-01-06,2818.5714285714284
2022-01-07,3123.4285714285716
2022-01-08,3428.285714285714
2022-01-09,3733.142857142857
2022-01-10,4038.0
2022-01-11,4578.428571428572
2022-01-12,5118.857142857143
2022-01-13,5659.285714285714
2022-01-14,6199.714285714286
2022-01-15,6740.142857142857
2022-01-16,7280.571428571428
2022-01-17,7821.0
2022-01-18,9556.142857142857
2022-01-19,11291.285714285714
2022-01-20,13026.428571428572
2022-01-21,14761.571428571428
2022-01-22,16496.714285714286
2022-01-23,18231.857142857145
2022-01-24,19967.0
2022-01-25,17855.14285714286
2022-01-26,15743.285714285714
2022-01-27,13631.428571428572
2022-01-28,11519.57142857143
2022-01-29,9407.714285714286
2022-01-30,7295.857142857145
2022-01-31,5184.0
2022-02-01,4969.714285714285
2022-02-02,4755.428571428572
2022-02-03,4541.142857142857
2022-02-04,4326.857142857143
2022-02-05,4112.571428571428
2022-02-06,3898.285714285714
2022-02-07,3684.0
2022-02-08,4471.285714285715
2022-02-09,5258.571428571428
2022-02-10,6045.857142857143
2022-02-11,6833.142857142857
2022-02-12,7620.428571428572
2022-02-13,8407.714285714286
2022-02-14,9195.0
2022-02-15,10930.57142857143
2022-02-16,12666.142857142857
2022-02-17,14401.714285714286
2022-02-18,16137.285714285714
2022-02-19,17872.857142857145
2022-02-20,19608.428571428572
2022-02-21,21344.0
2022-02-22,20367.428571428572
2022-02-23,19390.85714285714
2022-02-24,18414.285714285714
2022-02-25,17437.714285714286
2022-02-26,16461.142857142855
2022-02-27,15484.571428571428
2022-02-28,14508.0
2022-03-01,13509.714285714286
2022-03-02,12511.42857142857
2022-03-03,11513.142857142857
2022-03-04,10514.857142857143
2022-03-05,9516.571428571428
2022-03-06,8518.285714285714
2022-03-07,7520.0
2022-03-08,8082.714285714285
2022-03-09,8645.42857142857
2022-03-10,9208.142857142857
2022-03-11,9770.857142857143
2022-03-12,10333.571428571428
2022-03-13,10896.285714285714
2022-03-14,11459.0
2022-03-15,12077.285714285714
2022-03-16,12695.57142857143
2022-03-17,13313.857142857143
2022-03-18,13932.142857142857
2022-03-19,14550.428571428572
2022-03-20,15168.714285714286
2022-03-21,15787.0
2022-03-22,17011.14285714286
2022-03-23,18235.285714285714
2022-03-24,19459.428571428572
2022-03-25,20683.571428571428
2022-03-26,21907.714285714286
2022-03-27,23131.857142857145
2022-03-28,24356.0
2022-03-29,21481.428571428572
2022-03-30,18606.857142857145
2022-03-31,15732.285714285714
2022-04-01,12857.714285714286
2022-04-02,9983.142857142859
2022-04-03,7108.5714285714275
2022-04-04,4234.0
2022-04-05,5031.0
2022-04-06,5828.0
2022-04-07,6625.0
2022-04-08,7422.0
2022-04-09,8219.0
2022-04-10,9016.0
2022-04-11,9813.0
2022-04-12,10408.0
2022-04-13,11003.0
2022-04-14,11598.0
2022-04-15,12193.0
2022-04-16,12788.0
2022-04-17,13383.0
2022-04-18,13978.0
2022-04-19,15759.0
2022-04-20,17540.0
2022-04-21,19321.0
2022-04-22,21102.0
2022-04-23,22883.0
2022-04-24,24664.0
2022-04-25,26445.0
2022-04-26,22703.85714285714
2022-04-27,18962.714285714286
2022-04-28,15221.571428571428
2022-04-29,11480.42857142857
2022-04-30,7739.285714285714
2022-05-01,3998.142857142855
2022-05-02,257.0
2022-05-03,701.5714285714286
2022-05-04,1146.142857142857
2022-05-05,1590.7142857142858
2022-05-06,2035.2857142857142
2022-05-07,2479.8571428571427
2022-05-08,2924.4285714285716
2022-05-09,3369.0
2022-05-10,4070.857142857143
2022-05-11,4772.714285714286
2022-05-12,5474.571428571428
2022-05-13,6176.428571428572
2022-05-14,6878.285714285715
2022-05-15,7580.142857142857
2022-05-16,8282.0
2022-05-17,9866.285714285714
2022-05-18,11450.571428571428
2022-05-19,13034.857142857143
2022-05-20,14619.142857142857
2022-05-21,16203.42857142857
2022-05-22,17787.714285714286
2022-05-23,19372.0
2022-05-24,19102.428571428572
2022-05-25,18832.85714285714
2022-05-26,18563.285714285714
2022-05-27,18293.714285714286
2022-05-28,18024.14285714286
2022-05-29,17754.571428571428
2022-05-30,17485.0
2022-05-31,15765.57142857143
2022-06-01,14046.142857142857
2022-06-02,12326.714285714286
2022-06-03,10607.285714285714
2022-06-04,8887.857142857143
2022-06-05,7168.4285714285725
2022-06-06,5449.0
2022-06-07,6401.571428571428
2022-06-08,7354.142857142857
2022-06-09,8306.714285714286
2022-06-10,9259.285714285714
2022-06-11,10211.857142857143
2022-06-12,11164.428571428572
2022-06-13,12117.0
2022-06-14,12645.42857142857
2022-06-15,13173.857142857143
2022-06-16,13702.285714285714
2022-06-17,14230.714285714286
2022-06-18,14759.142857142857
2022-06-19,15287.571428571428
2022-06-20,15816.0
2022-06-21,16980.428571428572
2022-06-22,18144.85714285714
2022-06-23,19309.285714285714
2022-06-24,20473.714285714286
2022-06-25,21638.142857142855
2022-06-26,22802.571428571428
2022-06-27,23967.0
2022-06-28,21083.428571428572
2022-06-29,18199.857142857145
2022-06-30,15316.285714285714
2022-07-01,12432.714285714286
2022-07-02,9549.142857142859
2022-07-03,6665.5714285714275
2022-07-04,3782.0
2022-07-05,4035.285714285714
2022-07-06,4288.571428571428
2022-07-07,4541.857142857143
2022-07-08,4795.142857142857
2022-07-09,5048.428571428572
2022-07-10,5301.714285714286
2022-07-11,5555.0
2022-07-12,5991.571428571428
2022-07-13,6428.142857142857
2022-07-14,6864.714285714286
2022-07-15,7301.285714285714
2022-07-16,7737.857142857143
2022-07-17,8174.428571428572
2022-07-18,8611.0
2022-07-19,11505.857142857143
2022-07-20,14400.714285714286
2022-07-21,17295.571428571428
2022-07-22,20190.428571428572
2022-07-23,23085.285714285714
2022-07-24,25980.142857142855
2022-07-25,28875.0
2022-07-26,25195.0
2022-07-27,21515.0
2022-07-28,17835.0
2022-07-29,14155.0
2022-07-30,10475.0
2022-07-31,6795.0
2022-08-01,3115.0
2022-08-02,3965.142857142857
2022-08-03,4815.285714285714
2022-08-04,5665.428571428572
2022-08-05,6515.571428571428
2022-08-06,7365.714285714285
2022-08-07,8215.857142857143
2022-08-08,9066.0
2022-08-09,9578.42857142857
2022-08-10,10090.857142857143
2022-08-11,10603.285714285714
2022-08-12,11115.714285714286
2022-08-13,11628.142857142857
2022-08-14,12140.571428571428
2022-08-15,12653.0
2022-08-16,13663.857142857143
2022-08-17,14674.714285714286
2022-08-18,15685.571428571428
2022-08-19,16696.428571428572
2022-08-20,17707.285714285714
2022-08-21,18718.142857142855
2022-08-22,19729.0
2022-08-23,19727.285714285714
2022-08-24,19725.571428571428
2022-08-25,19723.85714285714
2022-08-26,19722.14285714286
2022-08-27,19720.428571428572
2022-08-28,19718.714285714286
2022-08-29,19717.0
2022-08-30,17797.714285714286
2022-08-31,15878.428571428572
2022-09-01,13959.142857142857
2022-09-02,12039.857142857143
2022-09-03,10120.57142857143
2022-09-04,8201.285714285714
2022-09-05,6282.0
2022-09-06,6701.142857142857
2022-09-07,7120.285714285715
2022-09-08,7539.428571428572
2022-09-09,7958.571428571428
2022-09-10,8377.714285714286
2022-09-11,8796.857142857143
2022-09-12,9216.0
2022-09-13,10248.857142857143
2022-09-14,11281.714285714286
2022-09-15,12314.571428571428
2022-09-16,13347.428571428572
2022-09-17,14380.285714285714
2022-09-18,15413.142857142857
2022-09-19,16446.0
2022-09-20,17930.428571428572
2022-09-21,19414.85714285714
2022-09-22,20899.285714285714
2022-09-23,22383.714285714286
2022-09-24,23868.142857142855
2022-09-25,25352.571428571428
2022-09-26,26837.0
2022-09-27,23635.85714285714
2022-09-28,20434.714285714286
2022-09-29,17233.571428571428
2022-09-30,14032.42857142857
2022-10-01,10831.285714285714
2022-10-02,7630.142857142855
2022-10-03,4429.0
2022-10-04,4944.428571428572
2022-10-05,5459.857142857143
2022-10-06,5975.285714285714
2022-10-07,6490.714285714286
2022-10-08,7006.142857142857
2022-10-09,7521.571428571428
2022-10-10,8037.0
2022-10-11,8686.0
2022-10-12,9335.0
2022-10-13,9984.0
2022-10-14,10633.0
2022-10-15,11282.0
2022-10-16,11931.0
2022-10-17,12580.0
2022-10-18,13722.0
2022-10-19,14864.0
2022-10-20,16006.0
2022-10-21,17148.0
2022-10-22,18290.0
2022-10-23,19432.0
2022-10-24,20574.0
2022-10-25,19714.14285714286
2022-10-26,18854.285714285714
2022-10-27,17994.428571428572
2022-10-28,17134.571428571428
2022-10-29,16274.714285714286
2022-10-30,15414.857142857143
2022-10-31,14555.0
2022-11-01,13584.42857142857
2022-11-02,12613.857142857143
2022-11-03,11643.285714285714
2022-11-04,10672.714285714286
2022-11-05,9702.142857142857
2022-11-06,8731.571428571428
2022-11-07,7761.0
2022-11-08,8062.0
2022-11-09,8363.0
2022-11-10,8664.0
2022-11-11,8965.0
2022-11-12,9266.0
2022-11-13,9567.0
2022-11-14,9868.0
2022-11-15,11053.57142857143
2022-11-16,12239.142857142857
2022-11-17,13424.714285714286
2022-11-18,14610.285714285714
2022-11-19,15795.857142857143
2022-11-20,16981.428571428572
2022-11-21,18167.0
2022-11-22,18850.14285714286
2022-11-23,19533.285714285714
2022-11-24,20216.428571428572
2022-11-25,20899.571428571428
2022-11-26,21582.714285714286
2022-11-27,22265.857142857145
2022-11-28,22949.0
2022-11-29,20571.428571428572
2022-11-30,18193.857142857145
2022-12-01,15816.285714285714
2022-12-02,13438.714285714286
2022-12-03,11061.142857142859
2022-12-04,8683.57142857143
2022-12-05,6306.0
2022-12-06,7026.571428571428
2022-12-07,7747.142857142857
2022-12-08,8467.714285714286
2022-12-09,9188.285714285714
2022-12-10,9908.857142857143
2022-12-11,10629.428571428572
2022-12-12,11350.0
2022-12-13,12237.142857142857
2022-12-14,13124.285714285714
2022-12-15,14011.428571428572
2022-12-16,14898.571428571428
2022-12-17,15785.714285714286
2022-12-18,16672.857142857145
2022-12-19,17560.0
2022-12-20,19474.714285714286
2022-12-21,21389.428571428572
2022-12-22,23304.142857142855
2022-12-23,25218.857142857145
2022-12-24,27133.571428571428
2022-12-25,29048.285714285714
2022-12-26,30963.0
2022-12-27,26765.428571428572
2022-12-28,22567.857142857145
2022-12-29,18370.285714285714
2022-12-30,14172.714285714286
2022-12-31,9975.142857142859
2023-01-01,5777.5714285714275
2023-01-02,1580.0
2023-01-03,2420.142857142857
2023-01-04,3260.285714285714
2023-01-05,4100.428571428572
2023-01-06,4940.571428571428
2023-01-07,5780.714285714285
2023-01-08,6620.857142857143
2023-01-09,7461.0
2023-01-10,8470.57142857143
2023-01-11,9480.142857142857
2023-01-12,10489.714285714286
2023-01-13,11499.285714285714
2023-01-14,12508.857142857143
2023-01-15,13518.428571428572
2023-01-16,14528.0
2023-01-17,13657.42857142857
2023-01-18,12786.857142857143
2023-01-19,11916.285714285714
2023-01-20,11045.714285714286
2023-01-21,10175.142857142857
2023-01-22,9304.571428571428
2023-01-23,8434.0
2023-01-24,9722.57142857143
2023-01-25,11011.142857142857
2023-01-26,12299.714285714286
2023-01-27,13588.285714285714
2023-01-28,14876.857142857143
2023-01-29,16165.428571428572
2023-01-30,17454.0
2023-01-31,15828.142857142857
2023-02-01,14202.285714285714
2023-02-02,12576.428571428572
2023-02-03,10950.571428571428
2023-02-04,9324.714285714286
2023-02-05,7698.857142857143
2023-02-06,6073.0
2023-02-07,6806.0
2023-02-08,7539.0
2023-02-09,8272.0
2023-02-10,9005.0
2023-02-11,9738.0
2023-02-12,10471.0
2023-02-13,11204.0
2023-02-14,12304.857142857143
2023-02-15,13405.714285714286
2023-02-16,14506.571428571428
2023-02-17,15607.428571428572
2023-02-18,16708.285714285714
2023-02-19,17809.142857142855
2023-02-20,18910.0
2023-02-21,19276.714285714286
2023-02-22,19643.428571428572
2023-02-23,20010.14285714286
2023-02-24,20376.85714285714
2023-02-25,20743.571428571428
2023-02-26,21110.285714285714
2023-02-27,21477.0
2023-02-28,19606.571428571428
2023-03-01,17736.14285714286
2023-03-02,15865.714285714286
2023-03-03,13995.285714285714
2023-03-04,12124.857142857143
2023-03-05,10254.428571428572
2023-03-06,8384.0
2023-03-07,8917.714285714286
2023-03-08,9451.42857142857
2023-03-09,9985.142857142857
2023-03-10,10518.857142857143
2023-03-11,11052.571428571428
2023-03-12,11586.285714285714
2023-03-13,12120.0
2023-03-14,12727.714285714286
2023-03-15,13335.42857142857
2023-03-16,13943.142857142857
2023-03-17,14550.857142857143
2023-03-18,15158.571428571428
2023-03-19,15766.285714285714
2023-03-20,16374.0
2023-03-21,18490.0
2023-03-22,20606.0
2023-03-23,22722.0
2023-03-24,24838.0
2023-03-25,26954.0
2023-03-26,29070.0
2023-03-27,31186.0
2023-03-28,27388.714285714286
2023-03-29,23591.428571428572
2023-03-30,19794.142857142855
2023-03-31,15996.857142857143
2023-04-01,12199.571428571428
2023-04-02,8402.285714285714
2023-04-03,4605.0
2023-04-04,5834.857142857143
2023-04-05,7064.714285714286
2023-04-06,8294.571428571428
2023-04-07,9524.428571428572
2023-04-08,10754.285714285714
2023-04-09,11984.142857142857
2023-04-10,13214.0
2023-04-11,13405.285714285714
2023-04-12,13596.57142857143
2023-04-13,13787.857142857143
2023-04-14,13979.142857142857
2023-04-15,14170.42857142857
2023-04-16,14361.714285714286
2023-04-17,14553.0
2023-04-18,14294.42857142857
2023-04-19,14035.857142857143
2023-04-20,13777.285714285714
2023-04-21,13518.714285714286
2023-04-22,13260.142857142857
2023-04-23,13001.57142857143
2023-04-24,12743.0
2023-04-25,11167.714285714286
2023-04-26,9592.428571428572
2023-04-27,8017.142857142857
2023-04-28,6441.857142857143
2023-04-29,4866.571428571429
2023-04-30,3291.2857142857138
2023-05-01,1716.0
2023-05-02,2462.142857142857
2023-05-03,3208.285714285714
2023-05-04,3954.4285714285716
2023-05-05,4700.571428571428
2023-05-06,5446.714285714285
2023-05-07,6192.857142857143
2023-05-08,6939.0
2023-05-09,7712.857142857143
2023-05-10,8486.714285714286
2023-05-11,9260.571428571428
2023-05-12,10034.428571428572
2023-05-13,10808.285714285714
2023-05-14,11582.142857142857
2023-05-15,12356.0
2023-05-16,13184.0
2023-05-17,14012.0
2023-05-18,14840.0
2023-05-19,15668.0
2023-05-20,16496.0
2023-05-21,17324.0
2023-05-22,18152.0
2023-05-23,18509.571428571428
2023-05-24,18867.14285714286
2023-05-25,19224.714285714286
2023-05-26,19582.285714285714
2023-05-27,19939.85714285714
2023-05-28,20297.428571428572
2023-05-29,20655.0
2023-05-30,18445.714285714286
2023-05-31,16236.428571428572
2023-06-01,14027.142857142857
2023-06-02,11817.857142857143
2023-06-03,9608.57142857143
2023-06-04,7399.285714285714
2023-06-05,5190.0
2023-06-06,6097.571428571428
2023-06-07,7005.142857142857
2023-06-08,7912.714285714286
2023-06-09,8820.285714285714
2023-06-10,9727.857142857143
2023-06-11,10635.428571428572
2023-06-12,11543.0
2023-06-13,12489.0
2023-06-14,13435.0
2023-06-15,14381.0
2023-06-16,15327.0
2023-06-17,16273.0
2023-06-18,17219.0
2023-06-19,18165.0
2023-06-20,18392.714285714286
2023-06-21,18620.428571428572
2023-06-22,18848.14285714286
2023-06-23,19075.85714285714
2023-06-24,19303.571428571428
2023-06-25,19531.285714285714
2023-06-26,19759.0
2023-06-27,17532.85714285714
2023-06-28,15306.714285714286
2023-06-29,13080.571428571428
2023-06-30,10854.42857142857
2023-07-01,8628.285714285714
2023-07-02,6402.142857142855
2023-07-03,4176.0
2023-07-04,4854.857142857143
2023-07-05,5533.714285714286
2023-07-06,6212.571428571428
2023-07-07,6891.428571428572
2023-07-08,7570.285714285715
2023-07-09,8249.142857142857
2023-07-10,8928.0
2023-07-11,9420.142857142857
2023-07-12,9912.285714285714
2023-07-13,10404.428571428572
2023-07-14,10896.57142857143
2023-07-15,11388.714285714286
2023-07-16,11880.857142857143
2023-07-17,12373.0
2023-07-18,14295.714285714286
2023-07-19,16218.428571428572
2023-07-20,18141.142857142855
2023-07-21,20063.857142857145
2023-07-22,21986.571428571428
2023-07-23,23909.285714285714
2023-07-24,25832.0
2023-07-25,24061.428571428572
2023-07-26,22290.85714285714
2023-07-27,20520.285714285714
2023-07-28,18749.714285714286
2023-07-29,16979.142857142855
2023-07-30,15208.571428571428
2023-07-31,13438.0
2023-08-01,12911.0
2023-08-02,12384.0
2023-08-03,11857.0
2023-08-04,11330.0
2023-08-05,10803.0
2023-08-06,10276.0
2023-08-07,9749.0
2023-08-08,10259.142857142857
2023-08-09,10769.285714285714
2023-08-10,11279.428571428572
2023-08-11,11789.57142857143
2023-08-12,12299.714285714286
2023-08-13,12809.857142857143
2023-08-14,13320.0
2023-08-15,14313.57142857143
2023-08-16,15307.142857142857
2023-08-17,16300.714285714286
2023-08-18,17294.285714285714
2023-08-19,18287.857142857145
2023-08-20,19281.428571428572
2023-08-21,20275.0
2023-08-22,20417.428571428572
2023-08-23,20559.85714285714
2023-08-24,20702.285714285714
2023-08-25,20844.714285714286
2023-08-26,20987.14285714286
2023-08-27,21129.571428571428
2023-08-28,21272.0
2023-08-29,18965.85714285714
2023-08-30,16659.714285714286
2023-08-31,14353.571428571428
2023-09-01,12047.42857142857
2023-09-02,9741.285714285714
2023-09-03,7435.142857142855
2023-09-04,5129.0
2023-09-05,5910.285714285715
2023-09-06,6691.571428571428
2023-09-07,7472.857142857143
2023-09-08,8254.142857142857
2023-09-09,9035.428571428572
2023-09-10,9816.714285714286
2023-09-11,10598.0
2023-09-12,11258.42857142857
2023-09-13,11918.857142857143
2023-09-14,12579.285714285714
2023-09-15,13239.714285714286
2023-09-16,13900.142857142857
2023-09-17,14560.571428571428
2023-09-18,15221.0
2023-09-19,17278.85714285714
2023-09-20,19336.714285714286
2023-09-21,21394.571428571428
2023-09-22,23452.428571428572
2023-09-23,25510.285714285714
2023-09-24,27568.142857142855
2023-09-25,29626.0
2023-09-26,26051.714285714286
2023-09-27,22477.428571428572
2023-09-28,18903.142857142855
2023-09-29,15328.857142857143
2023-09-30,11754.571428571428
2023-10-01,8180.285714285714
2023-10-02,4606.0
2023-10-03,5489.285714285715
2023-10-04,6372.571428571428
2023-10-05,7255.857142857143
2023-10-06,8139.142857142857
2023-10-07,9022.428571428572
2023-10-08,9905.714285714286
2023-10-09,10789.0
2023-10-10,11392.714285714286
2023-10-11,11996.42857142857
2023-10-12,12600.142857142857
2023-10-13,13203.857142857143
2023-10-14,13807.571428571428
2023-10-15,14411.285714285714
2023-10-16,15015.0
2023-10-17,16045.57142857143
2023-10-18,17076.14285714286
2023-10-19,18106.714285714286
2023-10-20,19137.285714285714
2023-10-21,20167.857142857145
2023-10-22,21198.428571428572
2023-10-23,22229.0
2023-10-24,21953.85714285714
2023-10-25,21678.714285714286
2023-10-26,21403.571428571428
2023-10-27,21128.428571428572
2023-10-28,20853.285714285714
2023-10-29,20578.142857142855
2023-10-30,20303.0
2023-10-31,18659.0
2023-11-01,17015.0
2023-11-02,15371.0
2023-11-03,13727.0
2023-11-04,12083.0
2023-11-05,10439.0
2023-11-06,8795.0
2023-11-07,9013.285714285714
2023-11-08,9231.57142857143
2023-11-09,9449.857142857143
2023-11-10,9668.142857142857
2023-11-11,9886.42857142857
2023-11-12,10104.714285714286
2023-11-13,10323.0
2023-11-14,11296.57142857143
2023-11-15,12270.142857142857
2023-11-16,13243.714285714286
2023-11-17,14217.285714285714
2023-11-18,15190.857142857143
2023-11-19,16164.428571428572
2023-11-20,17138.0
2023-11-21,18763.14285714286
2023-11-22,20388.285714285714
2023-11-23,22013.428571428572
2023-11-24,23638.571428571428
2023-11-25,25263.714285714286
2023-11-26,26888.857142857145
2023-11-27,28514.0
2023-11-28,25340.428571428572
2023-11-29,22166.857142857145
2023-11-30,18993.285714285714
2023-12-01,15819.714285714286
2023-12-02,12646.142857142859
2023-12-03,9472.571428571428
2023-12-04,6299.0
2023-12-05,7208.285714285715
2023-12-06,8117.571428571428
2023-12-07,9026.857142857143
2023-12-08,9936.142857142857
2023-12-09,10845.428571428572
2023-12-10,11754.714285714286
2023-12-11,12664.0
2023-12-12,13395.142857142857
2023-12-13,14126.285714285714
2023-12-14,14857.428571428572
2023-12-15,15588.571428571428
2023-12-16,16319.714285714286
2023-12-17,17050.857142857145
2023-12-18,17782.0
2023-12-19,19731.0
2023-12-20,21680.0
2023-12-21,23629.0
2023-12-22,25578.0
2023-12-23,27527.0
2023-12-24,29476.0
2023-12-25,31425.0
2023-12-26,27158.285714285714
2023-12-27,22891.571428571428
2023-12-28,18624.857142857145
2023-12-29,14358.142857142859
2023-12-30,10091.428571428572
2023-12-31,5824.71428571429
2024-01-01,1558.0
2024-01-02,2310.285714285714
2024-01-03,3062.5714285714284
2024-01-04,3814.857142857143
2024-01-05,4567.142857142857
2024-01-06,5319.428571428572
2024-01-07,6071.714285714286
2024-01-08,6824.0
2024-01-09,7622.0
2024-01-10,8420.0
2024-01-11,9218.0
2024-01-12,10016.0
2024-01-13,10814.0
2024-01-14,11612.0
2024-01-15,12410.0
2024-01-16,13055.42857142857
2024-01-17,13700.857142857143
2024-01-18,14346.285714285714
2024-01-19,14991.714285714286
2024-01-20,15637.142857142857
2024-01-21,16282.571428571428
2024-01-22,16928.0
2024-01-23,18183.0
2024-01-24,19438.0
2024-01-25,20693.0
2024-01-26,21948.0
2024-01-27,23203.0
2024-01-28,24458.0
2024-01-29,25713.0
2024-01-30,23112.714285714286
2024-01-31,20512.428571428572
2024-02-01,17912.142857142855
2024-02-02,15311.857142857143
2024-02-03,12711.57142857143
2024-02-04,10111.285714285714
2024-02-05,7511.0
2024-02-06,7300.428571428572
2024-02-07,7089.857142857143
2024-02-08,6879.285714285714
2024-02-09,6668.714285714285
2024-02-10,6458.142857142857
2024-02-11,6247.571428571428
2024-02-12,6037.0
2024-02-13,7420.0
2024-02-14,8803.0
2024-02-15,10186.0
2024-02-16,11569.0
2024-02-17,12952.0
2024-02-18,14335.0
2024-02-19,15718.0
2024-02-20,17732.428571428572
2024-02-21,19746.85714285714
2024-02-22,21761.285714285714
2024-02-23,23775.714285714286
2024-02-24,25790.142857142855
2024-02-25,27804.571428571428
2024-02-26,29819.0
2024-02-27,26271.428571428572
2024-02-28,22723.857142857145
2024-02-29,19176.285714285714
2024-03-01,15628.714285714286
2024-03-02,12081.142857142859
2024-03-03,8533.571428571428
2024-03-04,4986.0
2024-03-05,5921.857142857143
2024-03-06,6857.714285714286
2024-03-07,7793.571428571428
2024-03-08,8729.428571428572
2024-03-09,9665.285714285714
2024-03-10,10601.142857142857
2024-03-11,11537.0
2024-03-12,12138.714285714286
2024-03-13,12740.42857142857
2024-03-14,13342.142857142857
2024-03-15,13943.857142857143
2024-03-16,14545.571428571428
2024-03-17,15147.285714285714
2024-03-18,15749.0
2024-03-19,18095.714285714286
2024-03-20,20442.428571428572
2024-03-21,22789.142857142855
2024-03-22,25135.857142857145
2024-03-23,27482.571428571428
2024-03-24,29829.285714285714
2024-03-25,32176.0
2024-03-26,28629.714285714286
2024-03-27,25083.428571428572
2024-03-28,21537.142857142855
2024-03-29,17990.857142857145
2024-03-30,14444.571428571428
2024-03-31,10898.285714285714
2024-04-01,7352.0
2024-04-02,6773.0
2024-04-03,6194.0
2024-04-04,5615.0
2024-04-05,5036.0
2024-04-06,4457.0
2024-04-07,3878.0
2024-04-08,3299.0
2024-04-09,4081.142857142857
2024-04-10,4863.285714285714
2024-04-11,5645.428571428572
2024-04-12,6427.571428571428
2024-04-13,7209.714285714285
2024-04-14,7991.857142857143
2024-04-15,8774.0
2024-04-16,10151.142857142857
2024-04-17,11528.285714285714
2024-04-18,12905.428571428572
2024-04-19,14282.571428571428
2024-04-20,15659.714285714286
2024-04-21,17036.857142857145
2024-04-22,18414.0
2024-04-23,18643.285714285714
2024-04-24,18872.571428571428
2024-04-25,19101.85714285714
2024-04-26,19331.14285714286
2024-04-27,19560.428571428572
2024-04-28,19789.714285714286
2024-04-29,20019.0
2024-04-30,18186.285714285714
2024-05-01,16353.571428571428
2024-05-02,14520.857142857143
2024-05-03,12688.142857142857
2024-05-04,10855.42857142857
2024-05-05,9022.714285714286
2024-05-06,7190.0
2024-05-07,7978.142857142857
2024-05-08,8766.285714285714
2024-05-09,9554.428571428572
2024-05-10,10342.571428571428
2024-05-11,11130.714285714286
2024-05-12,11918.857142857143
2024-05-13,12707.0
2024-05-14,12987.857142857143
2024-05-15,13268.714285714286
2024-05-16,13549.571428571428
2024-05-17,13830.42857142857
2024-05-18,14111.285714285714
2024-05-19,14392.142857142857
2024-05-20,14673.0
2024-05-21,16715.571428571428
2024-05-22,18758.14285714286
2024-05-23,20800.714285714286
2024-05-24,22843.285714285714
2024-05-25,24885.857142857145
2024-05-26,26928.428571428572
2024-05-27,28971.0
2024-05-28,25360.85714285714
2024-05-29,21750.714285714286
2024-05-30,18140.571428571428
2024-05-31,14530.42857142857
2024-06-01,10920.285714285714
2024-06-02,7310.142857142855
2024-06-03,3700.0
2024-06-04,4777.428571428572
2024-06-05,5854.857142857143
2024-06-06,6932.285714285714
2024-06-07,8009.714285714285
2024-06-08,9087.142857142857
2024-06-09,10164.571428571428
2024-06-10,11242.0
2024-06-11,10971.285714285714
2024-06-12,10700.57142857143
2024-06-13,10429.857142857143
2024-06-14,10159.142857142857
2024-06-15,9888.42857142857
2024-06-16,9617.714285714286
2024-06-17,9347.0
2024-06-18,12094.285714285714
2024-06-19,14841.571428571428
2024-06-20,17588.857142857145
2024-06-21,20336.142857142855
2024-06-22,23083.428571428572
2024-06-23,25830.714285714286
2024-06-24,28578.0
2024-06-25,25092.85714285714
2024-06-26,21607.714285714286
2024-06-27,18122.571428571428
2024-06-28,14637.42857142857
2024-06-29,11152.285714285714
2024-06-30,7667.142857142855
2024-07-01,4182.0
2024-07-02,4728.714285714285
2024-07-03,5275.428571428572
2024-07-04,5822.142857142857
2024-07-05,6368.857142857143
2024-07-06,6915.571428571428
2024-07-07,7462.285714285714
2024-07-08,8009.0
2024-07-09,8884.42857142857
2024-07-10,9759.857142857143
2024-07-11,10635.285714285714
2024-07-12,11510.714285714286
2024-07-13,12386.142857142857
2024-07-14,13261.571428571428
2024-07-15,14137.0
2024-07-16,14810.0
2024-07-17,15483.0
2024-07-18,16156.0
2024-07-19,16829.0
2024-07-20,17502.0
2024-07-21,18175.0
2024-07-22,18848.0
2024-07-23,19637.571428571428
2024-07-24,20427.14285714286
2024-07-25,21216.714285714286
2024-07-26,22006.285714285714
2024-07-27,22795.85714285714
2024-07-28,23585.428571428572
2024-07-29,24375.0
2024-07-30,21760.428571428572
2024-07-31,19145.857142857145
2024-08-01,16531.285714285714
2024-08-02,13916.714285714286
2024-08-03,11302.142857142859
2024-08-04,8687.57142857143
2024-08-05,6073.0
2024-08-06,6885.714285714285
2024-08-07,7698.428571428572
2024-08-08,8511.142857142857
2024-08-09,9323.857142857143
2024-08-10,10136.571428571428
2024-08-11,10949.285714285714
2024-08-12,11762.0
2024-08-13,12374.142857142857
2024-08-14,12986.285714285714
2024-08-15,13598.42857142857
2024-08-16,14210.571428571428
2024-08-17,14822.714285714286
2024-08-18,15434.857142857143
2024-08-19,16047.0
2024-08-20,18470.85714285714
2024-08-21,20894.714285714286
2024-08-22,23318.571428571428
2024-08-23,25742.428571428572
2024-08-24,28166.285714285714
2024-08-25,30590.142857142855
2024-08-26,33014.0
2024-08-27,28933.85714285714
2024-08-28,24853.714285714286
2024-08-29,20773.571428571428
2024-08-30,16693.428571428572
2024-08-31,12613.285714285714
2024-09-01,8533.142857142855
2024-09-02,4453.0
2024-09-03,5332.571428571428
2024-09-04,6212.142857142857
2024-09-05,7091.714285714286
2024-09-06,7971.285714285714
2024-09-07,8850.857142857143
2024-09-08,9730.428571428572
2024-09-09,10610.0
2024-09-10,10333.0
2024-09-11,10056.0
2024-09-12,9779.0
2024-09-13,9502.0
2024-09-14,9225.0
2024-09-15,8948.0
2024-09-16,8671.0
2024-09-17,10193.142857142857
2024-09-18,11715.285714285714
2024-09-19,13237.428571428572
2024-09-20,14759.571428571428
2024-09-21,16281.714285714286
2024-09-22,17803.857142857145
2024-09-23,19326.0
2024-09-24,18618.714285714286
2024-09-25,17911.428571428572
2024-09-26,17204.142857142855
2024-09-27,16496.85714285714
2024-09-28,15789.571428571428
2024-09-29,15082.285714285714
2024-09-30,14375.0
2024-10-01,13591.57142857143
2024-10-02,12808.142857142857
2024-10-03,12024.714285714286
2024-10-04,11241.285714285714
2024-10-05,10457.857142857143
2024-10-06,9674.428571428572
2024-10-07,8891.0
2024-10-08,9534.42857142857
2024-10-09,10177.857142857143
2024-10-10,10821.285714285714
2024-10-11,11464.714285714286
2024-10-12,12108.142857142857
2024-10-13,12751.571428571428
2024-10-14,13395.0
2024-10-15,13971.285714285714
2024-10-16,14547.57142857143
2024-10-17,15123.857142857143
2024-10-18,15700.142857142857
2024-10-19,16276.428571428572
2024-10-20,16852.714285714286
2024-10-21,17429.0
2024-10-22,18443.714285714286
2024-10-23,19458.428571428572
2024-10-24,20473.142857142855
2024-10-25,21487.85714285714
2024-10-26,22502.571428571428
2024-10-27,23517.285714285714
2024-10-28,24532.0
2024-10-29,21809.85714285714
2024-10-30,19087.714285714286
2024-10-31,16365.571428571428
2024-11-01,13643.42857142857
2024-11-02,10921.285714285714
2024-11-03,8199.142857142855
2024-11-04,5477.0
2024-11-05,6312.714285714285
2024-11-06,7148.428571428572
2024-11-07,7984.142857142857
2024-11-08,8819.857142857143
2024-11-09,9655.571428571428
2024-11-10,10491.285714285714
2024-11-11,11327.0
2024-11-12,11847.857142857143
2024-11-13,12368.714285714286
2024-11-14,12889.57142857143
2024-11-15,13410.428571428572
2024-11-16,13931.285714285714
2024-11-17,14452.142857142857
2024-11-18,14973.0
2024-11-19,17375.285714285714
2024-11-20,19777.571428571428
2024-11-21,22179.857142857145
2024-11-22,24582.142857142855
2024-11-23,26984.428571428572
2024-11-24,29386.714285714286
2024-11-25,31789.0
2024-11-26,27856.571428571428
2024-11-27,23924.142857142855
2024-11-28,19991.714285714286
2024-11-29,16059.285714285714
2024-11-30,12126.857142857141
2024-12-01,8194.428571428572
2024-12-02,4262.0
2024-12-03,5086.571428571428
2024-12-04,5911.142857142857
2024-12-05,6735.714285714286
2024-12-06,7560.285714285714
2024-12-07,8384.857142857143
2024-12-08,9209.428571428572
2024-12-09,10034.0
2024-12-10,10972.142857142857
2024-12-11,11910.285714285714
2024-12-12,12848.428571428572
2024-12-13,13786.571428571428
2024-12-14,14724.714285714286
2024-12-15,15662.857142857143
2024-12-16,16601.0
2024-12-17,17250.428571428572
2024-12-18,17899.85714285714
2024-12-19,18549.285714285714
2024-12-20,19198.714285714286
2024-12-21,19848.14285714286
2024-12-22,20497.571428571428
2024-12-23,21147.0
2024-12-24,21051.14285714286
2024-12-25,20955.285714285714
2024-12-26,20859.428571428572
2024-12-27,20763.571428571428
2024-12-28,20667.714285714286
2024-12-29,20571.85714285714
2024-12-30,20476.0
2024-12-31,18110.14285714286
2025-01-01,15744.285714285714
2025-01-02,13378.428571428572
2025-01-03,11012.57142857143
2025-01-04,8646.714285714286
2025-01-05,6280.857142857145
2025-01-06,3915.0
2025-01-07,4572.714285714285
2025-01-08,5230.428571428572
2025-01-09,5888.142857142857
2025-01-10,6545.857142857143
2025-01-11,7203.571428571428
2025-01-12,7861.285714285714
2025-01-13,8519.0
2025-01-14,9840.42857142857
2025-01-15,11161.857142857143
2025-01-16,12483.285714285714
2025-01-17,13804.714285714286
2025-01-18,15126.142857142857
2025-01-19,16447.571428571428
2025-01-20,17769.0
2025-01-21,17523.0
2025-01-22,17277.0
2025-01-23,17031.0
2025-01-24,16785.0
2025-01-25,16539.0
2025-01-26,16293.0
2025-01-27,16047.0
2025-01-28,14330.42857142857
2025-01-29,12613.857142857143
2025-01-30,10897.285714285714
2025-01-31,9180.714285714286
2025-02-01,7464.142857142857
2025-02-02,5747.5714285714275
2025-02-03,4031.0
2025-02-04,4590.428571428572
2025-02-05,5149.857142857143
2025-02-06,5709.285714285714
2025-02-07,6268.714285714286
2025-02-08,6828.142857142857
2025-02-09,7387.571428571428
2025-02-10,7947.0
2025-02-11,8826.714285714286
2025-02-12,9706.42857142857
2025-02-13,10586.142857142857
2025-02-14,11465.857142857143
2025-02-15,12345.571428571428
2025-02-16,13225.285714285714
2025-02-17,14105.0
2025-02-18,16919.285714285714
2025-02-19,19733.571428571428
2025-02-20,22547.857142857145
2025-02-21,25362.142857142855
2025-02-22,28176.428571428572
2025-02-23,30990.714285714286
2025-02-24,33805.0
2025-02-25,29615.428571428572
2025-02-26,25425.857142857145
2025-02-27,21236.285714285714
2025-02-28,17046.714285714286
2025-03-01,12857.142857142859
2025-03-02,8667.571428571428
2025-03-03,4478.0
2025-03-04,5617.571428571428
2025-03-05,6757.142857142857
2025-03-06,7896.714285714286
2025-03-07,9036.285714285714
2025-03-08,10175.857142857143
2025-03-09,11315.428571428572
2025-03-10,12455.0
2025-03-11,13118.857142857143
2025-03-12,13782.714285714286
2025-03-13,14446.57142857143
2025-03-14,15110.428571428572
2025-03-15,15774.285714285714
2025-03-16,16438.14285714286
2025-03-17,17102.0
2025-03-18,19435.14285714286
2025-03-19,21768.285714285714
2025-03-20,24101.428571428572
2025-03-21,26434.571428571428
2025-03-22,28767.714285714286
2025-03-23,31100.857142857145
2025-03-24,33434.0
2025-03-25,28752.285714285714
2025-03-26,24070.571428571428
2025-03-27,19388.857142857145
2025-03-28,14707.142857142859
2025-03-29,10025.428571428572
2025-03-30,5343.71428571429
2025-03-31,662.0
2025-04-01,1207.5714285714284
2025-04-02,1753.142857142857
2025-04-03,2298.714285714286
2025-04-04,2844.285714285714
2025-04-05,3389.8571428571427
2025-04-06,3935.4285714285716
2025-04-07,4481.0
2025-04-08,5311.142857142857
2025-04-09,6141.285714285714
2025-04-10,6971.428571428572
2025-04-11,7801.571428571428
2025-04-12,8631.714285714286
2025-04-13,9461.857142857143
2025-04-14,10292.0
2025-04-15,11180.42857142857
2025-04-16,12068.857142857143
2025-04-17,12957.285714285714
2025-04-18,13845.714285714286
2025-04-19,14734.142857142857
2025-04-20,15622.571428571428
2025-04-21,16511.0
2025-04-22,17723.428571428572
2025-04-23,18935.85714285714
2025-04-24,20148.285714285714
2025-04-25,21360.714285714286
2025-04-26,22573.142857142855
2025-04-27,23785.571428571428
2025-04-28,24998.0
2025-04-29,22204.0
2025-04-30,19410.0
2025-05-01,16616.0
2025-05-02,13822.0
2025-05-03,11028.0
2025-05-04,8234.0
2025-05-05,5440.0
2025-05-06,6076.142857142857
2025-05-07,6712.285714285714
2025-05-08,7348.428571428572
2025-05-09,7984.571428571428
2025-05-10,8620.714285714286
2025-05-11,9256.857142857143
2025-05-12,9893.0
2025-05-13,10717.42857142857
2025-05-14,11541.857142857143
2025-05-15,12366.285714285714
2025-05-16,13190.714285714286
2025-05-17,14015.142857142857
2025-05-18,14839.571428571428
2025-05-19,15664.0
2025-05-20,17957.714285714286
2025-05-21,20251.428571428572
2025-05-22,22545.142857142855
2025-05-23,24838.857142857145
2025-05-24,27132.571428571428
2025-05-25,29426.285714285714
2025-05-26,31720.0
2025-05-27,27575.571428571428
2025-05-28,23431.142857142855
2025-05-29,19286.714285714286
2025-05-30,15142.285714285714
2025-05-31,10997.857142857141
2025-06-01,6853.4285714285725
2025-06-02,2709.0
2025-06-03,3108.714285714286
2025-06-04,3508.4285714285716
2025-06-05,3908.142857142857
2025-06-06,4307.857142857143
2025-06-07,4707.571428571428
2025-06-08,5107.285714285714
2025-06-09,5507.0
2025-06-10,6261.0
2025-06-11,7015.0
2025-06-12,7769.0
2025-06-13,8523.0
2025-06-14,9277.0
2025-06-15,10031.0
2025-06-16,10785.0
2025-06-17,11868.57142857143
2025-06-18,12952.142857142857
2025-06-19,14035.714285714286
2025-06-20,15119.285714285714
2025-06-21,16202.857142857143
2025-06-22,17286.428571428572
2025-06-23,18370.0
2025-06-24,17908.285714285714
2025-06-25,17446.571428571428
2025-06-26,16984.85714285714
2025-06-27,16523.14285714286
2025-06-28,16061.428571428572
2025-06-29,15599.714285714286
2025-06-30,15138.0
2025-07-01,14205.857142857143
2025-07-02,13273.714285714286
2025-07-03,12341.571428571428
2025-07-04,11409.428571428572
2025-07-05,10477.285714285714
2025-07-06,9545.142857142857
2025-07-07,8613.0
2025-07-08,9195.857142857143
2025-07-09,9778.714285714286
2025-07-10,10361.57142857143
2025-07-11,10944.428571428572
2025-07-12,11527.285714285714
2025-07-13,12110.142857142857
2025-07-14,12693.0
2025-07-15,13039.714285714286
2025-07-16,13386.42857142857
2025-07-17,13733.142857142857
2025-07-18,14079.857142857143
2025-07-19,14426.57142857143
2025-07-20,14773.285714285714
2025-07-21,15120.0
2025-07-22,16834.0
2025-07-23,18548.0
2025-07-24,20262.0
2025-07-25,21976.0
2025-07-26,23690.0
2025-07-27,25404.0
2025-07-28,27118.0
2025-07-29,24240.714285714286
2025-07-30,21363.428571428572
2025-07-31,18486.142857142855
2025-08-01,15608.857142857143
2025-08-02,12731.57142857143
2025-08-03,9854.285714285714
2025-08-04,6977.0
2025-08-05,7638.857142857143
2025-08-06,8300.714285714286
2025-08-07,8962.57142857143
2025-08-08,9624.428571428572
2025-08-09,10286.285714285714
2025-08-10,10948.142857142857
2025-08-11,11610.0
2025-08-12,12194.857142857143
2025-08-13,12779.714285714286
2025-08-14,13364.57142857143
2025-08-15,13949.428571428572
2025-08-16,14534.285714285714
2025-08-17,15119.142857142857
2025-08-18,15704.0
2025-08-19,18159.428571428572
2025-08-20,20614.857142857145
2025-08-21,23070.285714285714
2025-08-22,25525.714285714286
2025-08-23,27981.14285714286
2025-08-24,30436.571428571428
2025-08-25,32892.0
2025-08-26,28455.0
2025-08-27,24018.0
2025-08-28,19581.0
2025-08-29,15144.0
2025-08-30,10707.0
2025-08-31,6270.0
2025-09-01,1833.0
2025-09-02,2839.857142857143
2025-09-03,3846.714285714286
2025-09-04,4853.571428571428
2025-09-05,5860.428571428572
2025-09-06,6867.285714285715
2025-09-07,7874.142857142857
2025-09-08,8881.0
2025-09-09,8672.714285714286
2025-09-10,8464.42857142857
2025-09-11,8256.142857142857
2025-09-12,8047.857142857143
2025-09-13,7839.571428571428
2025-09-14,7631.285714285714
2025-09-15,7423.0
2025-09-16,8340.142857142857
2025-09-17,9257.285714285714
2025-09-18,10174.428571428572
2025-09-19,11091.571428571428
2025-09-20,12008.714285714286
2025-09-21,12925.857142857143
2025-09-22,13843.0
2025-09-23,15062.57142857143
2025-09-24,16282.142857142857
2025-09-25,17501.714285714286
2025-09-26,18721.285714285714
2025-09-27,19940.857142857145
2025-09-28,21160.428571428572
2025-09-29,22380.0
2025-09-30,20222.571428571428
2025-10-01,18065.142857142855
2025-10-02,15907.714285714286
2025-10-03,13750.285714285714
2025-10-04,11592.857142857141
2025-10-05,9435.42857142857
2025-10-06,7278.0
2025-10-07,8203.42857142857
2025-10-08,9128.857142857143
2025-10-09,10054.285714285714
2025-10-10,10979.714285714286
2025-10-11,11905.142857142857
2025-10-12,12830.571428571428
2025-10-13,13756.0
2025-10-14,13729.285714285714
2025-10-15,13702.57142857143
2025-10-16,13675.857142857143
2025-10-17,13649.142857142857
2025-10-18,13622.42857142857
2025-10-19,13595.714285714286
2025-10-20,13569.0
2025-10-21,16317.571428571428
2025-10-22,19066.142857142855
2025-10-23,21814.714285714286
2025-10-24,24563.285714285714
2025-10-25,27311.85714285714
2025-10-26,30060.428571428572
2025-10-27,32809.0
