Date,CPIAUCSL
2017-01-01,243.618
2017-01-02,243.63051612903226
2017-01-03,243.64303225806452
2017-01-04,243.65554838709676
2017-01-05,243.66806451612902
2017-01-06,243.68058064516129
2017-01-07,243.69309677419355
2017-01-08,243.7056129032258
2017-01-09,243.71812903225805
2017-01-10,243.7306451612903
2017-01-11,243.74316129032258
2017-01-12,243.75567741935484
2017-01-13,243.7681935483871
2017-01-14,243.78070967741934
2017-01-15,243.7932258064516
2017-01-16,243.80574193548387
2017-01-17,243.81825806451613
2017-01-18,243.8307741935484
2017-01-19,243.84329032258066
2017-01-20,243.8558064516129
2017-01-21,243.86832258064516
2017-01-22,243.88083870967742
2017-01-23,243.89335483870968
2017-01-24,243.90587096774195
2017-01-25,243.91838709677418
2017-01-26,243.93090322580645
2017-01-27,243.9434193548387
2017-01-28,243.95593548387097
2017-01-29,243.96845161290324
2017-01-30,243.98096774193547
2017-01-31,243.99348387096774
2017-02-01,244.006
2017-02-02,244.00192857142858
2017-02-03,243.99785714285713
2017-02-04,243.9937857142857
2017-02-05,243.98971428571429
2017-02-06,243.98564285714286
2017-02-07,243.98157142857144
2017-02-08,243.9775
2017-02-09,243.97342857142857
2017-02-10,243.96935714285715
2017-02-11,243.9652857142857
2017-02-12,243.96121428571428
2017-02-13,243.95714285714286
2017-02-14,243.95307142857143
2017-02-15,243.949
2017-02-16,243.94492857142856
2017-02-17,243.94085714285714
2017-02-18,243.93678571428572
2017-02-19,243.93271428571427
2017-02-20,243.92864285714285
2017-02-21,243.92457142857143
2017-02-22,243.9205
2017-02-23,243.91642857142858
2017-02-24,243.91235714285713
2017-02-25,243.9082857142857
2017-02-26,243.9042142857143
2017-02-27,243.90014285714284
2017-02-28,243.89607142857142
2017-03-01,243.892
2017-03-02,243.90170967741935
2017-03-03,243.9114193548387
2017-03-04,243.92112903225805
2017-03-05,243.93083870967743
2017-03-06,243.94054838709678
2017-03-07,243.95025806451613
2017-03-08,243.9599677419355
2017-03-09,243.96967741935484
2017-03-10,243.9793870967742
2017-03-11,243.98909677419354
2017-03-12,243.9988064516129
2017-03-13,244.00851612903227
2017-03-14,244.01822580645162
2017-03-15,244.02793548387098
2017-03-16,244.03764516129033
2017-03-17,244.04735483870968
2017-03-18,244.05706451612903
2017-03-19,244.06677419354838
2017-03-20,244.07648387096773
2017-03-21,244.08619354838712
2017-03-22,244.09590322580647
2017-03-23,244.10561290322582
2017-03-24,244.11532258064517
2017-03-25,244.12503225806452
2017-03-26,244.13474193548387
2017-03-27,244.14445161290323
2017-03-28,244.15416129032258
2017-03-29,244.16387096774196
2017-03-30,244.1735806451613
2017-03-31,244.18329032258066
2017-04-01,244.193
2017-04-02,244.1867
2017-04-03,244.18040000000002
2017-04-04,244.1741
2017-04-05,244.1678
2017-04-06,244.16150000000002
2017-04-07,244.1552
2017-04-08,244.1489
2017-04-09,244.14260000000002
2017-04-10,244.1363
2017-04-11,244.13
2017-04-12,244.1237
2017-04-13,244.1174
2017-04-14,244.1111
2017-04-15,244.1048
2017-04-16,244.0985
2017-04-17,244.0922
2017-04-18,244.0859
2017-04-19,244.0796
2017-04-20,244.0733
2017-04-21,244.067
2017-04-22,244.0607
2017-04-23,244.0544
2017-04-24,244.0481
2017-04-25,244.0418
2017-04-26,244.03549999999998
2017-04-27,244.0292
2017-04-28,244.0229
2017-04-29,244.01659999999998
2017-04-30,244.0103
2017-05-01,244.004
2017-05-02,244.00912903225804
2017-05-03,244.01425806451613
2017-05-04,244.01938709677418
2017-05-05,244.02451612903226
2017-05-06,244.02964516129032
2017-05-07,244.03477419354837
2017-05-08,244.03990322580646
2017-05-09,244.0450322580645
2017-05-10,244.05016129032256
2017-05-11,244.05529032258065
2017-05-12,244.0604193548387
2017-05-13,244.06554838709678
2017-05-14,244.07067741935484
2017-05-15,244.0758064516129
2017-05-16,244.08093548387097
2017-05-17,244.08606451612903
2017-05-18,244.0911935483871
2017-05-19,244.09632258064516
2017-05-20,244.10145161290322
2017-05-21,244.1065806451613
2017-05-22,244.11170967741936
2017-05-23,244.11683870967744
2017-05-24,244.1219677419355
2017-05-25,244.12709677419355
2017-05-26,244.13222580645163
2017-05-27,244.13735483870968
2017-05-28,244.14248387096774
2017-05-29,244.14761290322582
2017-05-30,244.15274193548387
2017-05-31,244.15787096774196
2017-06-01,244.163
2017-06-02,244.16566666666668
2017-06-03,244.16833333333335
2017-06-04,244.17100000000002
2017-06-05,244.17366666666666
2017-06-06,244.17633333333333
2017-06-07,244.179
2017-06-08,244.18166666666667
2017-06-09,244.18433333333334
2017-06-10,244.187
2017-06-11,244.18966666666668
2017-06-12,244.19233333333335
2017-06-13,244.195
2017-06-14,244.19766666666666
2017-06-15,244.20033333333333
2017-06-16,244.203
2017-06-17,244.20566666666667
2017-06-18,244.20833333333334
2017-06-19,244.211
2017-06-20,244.21366666666665
2017-06-21,244.21633333333332
2017-06-22,244.219
2017-06-23,244.22166666666666
2017-06-24,244.22433333333333
2017-06-25,244.227
2017-06-26,244.22966666666667
2017-06-27,244.23233333333334
2017-06-28,244.23499999999999
2017-06-29,244.23766666666666
2017-06-30,244.24033333333333
2017-07-01,244.243
2017-07-02,244.27332258064516
2017-07-03,244.30364516129032
2017-07-04,244.33396774193548
2017-07-05,244.36429032258064
2017-07-06,244.3946129032258
2017-07-07,244.42493548387097
2017-07-08,244.45525806451613
2017-07-09,244.4855806451613
2017-07-10,244.51590322580645
2017-07-11,244.54622580645162
2017-07-12,244.57654838709678
2017-07-13,244.60687096774194
2017-07-14,244.6371935483871
2017-07-15,244.66751612903226
2017-07-16,244.69783870967743
2017-07-17,244.72816129032256
2017-07-18,244.75848387096772
2017-07-19,244.78880645161288
2017-07-20,244.81912903225805
2017-07-21,244.8494516129032
2017-07-22,244.87977419354837
2017-07-23,244.91009677419353
2017-07-24,244.9404193548387
2017-07-25,244.97074193548386
2017-07-26,245.00106451612902
2017-07-27,245.03138709677418
2017-07-28,245.06170967741934
2017-07-29,245.0920322580645
2017-07-30,245.12235483870967
2017-07-31,245.15267741935483
2017-08-01,245.183
2017-08-02,245.2233870967742
2017-08-03,245.2637741935484
2017-08-04,245.30416129032258
2017-08-05,245.34454838709678
2017-08-06,245.38493548387098
2017-08-07,245.42532258064514
2017-08-08,245.46570967741934
2017-08-09,245.50609677419354
2017-08-10,245.54648387096773
2017-08-11,245.58687096774193
2017-08-12,245.62725806451613
2017-08-13,245.66764516129032
2017-08-14,245.70803225806452
2017-08-15,245.74841935483872
2017-08-16,245.7888064516129
2017-08-17,245.82919354838708
2017-08-18,245.86958064516128
2017-08-19,245.90996774193547
2017-08-20,245.95035483870967
2017-08-21,245.99074193548387
2017-08-22,246.03112903225806
2017-08-23,246.07151612903226
2017-08-24,246.11190322580646
2017-08-25,246.15229032258065
2017-08-26,246.19267741935485
2017-08-27,246.23306451612902
2017-08-28,246.27345161290322
2017-08-29,246.3138387096774
2017-08-30,246.3542258064516
2017-08-31,246.3946129032258
2017-09-01,246.435
2017-09-02,246.44136666666668
2017-09-03,246.44773333333333
2017-09-04,246.4541
2017-09-05,246.46046666666666
2017-09-06,246.46683333333334
2017-09-07,246.4732
2017-09-08,246.47956666666667
2017-09-09,246.48593333333335
2017-09-10,246.4923
2017-09-11,246.49866666666668
2017-09-12,246.50503333333333
2017-09-13,246.5114
2017-09-14,246.51776666666666
2017-09-15,246.52413333333334
2017-09-16,246.53050000000002
2017-09-17,246.53686666666667
2017-09-18,246.54323333333335
2017-09-19,246.5496
2017-09-20,246.55596666666668
2017-09-21,246.56233333333333
2017-09-22,246.5687
2017-09-23,246.57506666666666
2017-09-24,246.58143333333334
2017-09-25,246.58780000000002
2017-09-26,246.59416666666667
2017-09-27,246.60053333333335
2017-09-28,246.6069
2017-09-29,246.61326666666668
2017-09-30,246.61963333333333
2017-10-01,246.626
2017-10-02,246.64722580645162
2017-10-03,246.66845161290323
2017-10-04,246.68967741935484
2017-10-05,246.71090322580645
2017-10-06,246.73212903225806
2017-10-07,246.75335483870967
2017-10-08,246.77458064516128
2017-10-09,246.79580645161292
2017-10-10,246.81703225806453
2017-10-11,246.83825806451614
2017-10-12,246.85948387096775
2017-10-13,246.88070967741936
2017-10-14,246.90193548387097
2017-10-15,246.92316129032258
2017-10-16,246.9443870967742
2017-10-17,246.9656129032258
2017-10-18,246.98683870967741
2017-10-19,247.00806451612902
2017-10-20,247.02929032258064
2017-10-21,247.05051612903225
2017-10-22,247.07174193548386
2017-10-23,247.09296774193547
2017-10-24,247.11419354838708
2017-10-25,247.13541935483872
2017-10-26,247.15664516129033
2017-10-27,247.17787096774194
2017-10-28,247.19909677419355
2017-10-29,247.22032258064516
2017-10-30,247.24154838709677
2017-10-31,247.26277419354838
2017-11-01,247.284
2017-11-02,247.30136666666667
2017-11-03,247.3187333333333
2017-11-04,247.3361
2017-11-05,247.35346666666666
2017-11-06,247.37083333333334
2017-11-07,247.38819999999998
2017-11-08,247.40556666666666
2017-11-09,247.42293333333333
2017-11-10,247.4403
2017-11-11,247.45766666666665
2017-11-12,247.47503333333333
2017-11-13,247.4924
2017-11-14,247.50976666666668
2017-11-15,247.52713333333332
2017-11-16,247.5445
2017-11-17,247.56186666666667
2017-11-18,247.57923333333332
2017-11-19,247.5966
2017-11-20,247.61396666666667
2017-11-21,247.63133333333334
2017-11-22,247.6487
2017-11-23,247.66606666666667
2017-11-24,247.68343333333334
2017-11-25,247.70080000000002
2017-11-26,247.71816666666666
2017-11-27,247.73553333333334
2017-11-28,247.7529
2017-11-29,247.77026666666669
2017-11-30,247.78763333333333
2017-12-01,247.805
2017-12-02,247.839
2017-12-03,247.87300000000002
2017-12-04,247.907
2017-12-05,247.941
2017-12-06,247.975
2017-12-07,248.00900000000001
2017-12-08,248.043
2017-12-09,248.077
2017-12-10,248.11100000000002
2017-12-11,248.145
2017-12-12,248.179
2017-12-13,248.213
2017-12-14,248.247
2017-12-15,248.281
2017-12-16,248.315
2017-12-17,248.34900000000002
2017-12-18,248.383
2017-12-19,248.417
2017-12-20,248.45100000000002
2017-12-21,248.485
2017-12-22,248.519
2017-12-23,248.553
2017-12-24,248.58700000000002
2017-12-25,248.621
2017-12-26,248.655
2017-12-27,248.68900000000002
2017-12-28,248.723
2017-12-29,248.757
2017-12-30,248.791
2017-12-31,248.82500000000002
2018-01-01,248.859
2018-01-02,248.88061290322582
2018-01-03,248.9022258064516
2018-01-04,248.92383870967743
2018-01-05,248.94545161290324
2018-01-06,248.96706451612903
2018-01-07,248.98867741935484
2018-01-08,249.01029032258066
2018-01-09,249.03190322580645
2018-01-10,249.05351612903226
2018-01-11,249.07512903225808
2018-01-12,249.09674193548386
2018-01-13,249.11835483870968
2018-01-14,249.1399677419355
2018-01-15,249.16158064516128
2018-01-16,249.1831935483871
2018-01-17,249.2048064516129
2018-01-18,249.22641935483873
2018-01-19,249.2480322580645
2018-01-20,249.26964516129033
2018-01-21,249.29125806451614
2018-01-22,249.31287096774193
2018-01-23,249.33448387096774
2018-01-24,249.35609677419356
2018-01-25,249.37770967741935
2018-01-26,249.39932258064516
2018-01-27,249.42093548387098
2018-01-28,249.44254838709676
2018-01-29,249.46416129032258
2018-01-30,249.4857741935484
2018-01-31,249.50738709677418
2018-02-01,249.529
2018-02-02,249.53071428571428
2018-02-03,249.53242857142857
2018-02-04,249.53414285714285
2018-02-05,249.53585714285714
2018-02-06,249.53757142857143
2018-02-07,249.5392857142857
2018-02-08,249.541
2018-02-09,249.54271428571428
2018-02-10,249.54442857142857
2018-02-11,249.54614285714285
2018-02-12,249.54785714285714
2018-02-13,249.54957142857143
2018-02-14,249.5512857142857
2018-02-15,249.553
2018-02-16,249.55471428571428
2018-02-17,249.55642857142857
2018-02-18,249.55814285714285
2018-02-19,249.55985714285714
2018-02-20,249.56157142857143
2018-02-21,249.5632857142857
2018-02-22,249.565
2018-02-23,249.56671428571428
2018-02-24,249.56842857142857
2018-02-25,249.57014285714286
2018-02-26,249.57185714285714
2018-02-27,249.57357142857143
2018-02-28,249.5752857142857
2018-03-01,249.577
2018-03-02,249.5979677419355
2018-03-03,249.61893548387096
2018-03-04,249.63990322580645
2018-03-05,249.66087096774194
2018-03-06,249.6818387096774
2018-03-07,249.7028064516129
2018-03-08,249.7237741935484
2018-03-09,249.74474193548386
2018-03-10,249.76570967741935
2018-03-11,249.78667741935485
2018-03-12,249.8076451612903
2018-03-13,249.8286129032258
2018-03-14,249.8495806451613
2018-03-15,249.87054838709676
2018-03-16,249.89151612903225
2018-03-17,249.91248387096775
2018-03-18,249.93345161290324
2018-03-19,249.9544193548387
2018-03-20,249.9753870967742
2018-03-21,249.9963548387097
2018-03-22,250.01732258064516
2018-03-23,250.03829032258065
2018-03-24,250.05925806451614
2018-03-25,250.0802258064516
2018-03-26,250.1011935483871
2018-03-27,250.1221612903226
2018-03-28,250.14312903225806
2018-03-29,250.16409677419355
2018-03-30,250.18506451612905
2018-03-31,250.2060322580645
2018-04-01,250.227
2018-04-02,250.24583333333334
2018-04-03,250.26466666666667
2018-04-04,250.2835
2018-04-05,250.30233333333334
2018-04-06,250.32116666666667
2018-04-07,250.34
2018-04-08,250.35883333333334
2018-04-09,250.37766666666667
2018-04-10,250.3965
2018-04-11,250.41533333333334
2018-04-12,250.43416666666667
2018-04-13,250.453
2018-04-14,250.47183333333334
2018-04-15,250.49066666666667
2018-04-16,250.5095
2018-04-17,250.52833333333334
2018-04-18,250.54716666666667
2018-04-19,250.566
2018-04-20,250.58483333333334
2018-04-21,250.60366666666667
2018-04-22,250.6225
2018-04-23,250.64133333333334
2018-04-24,250.66016666666667
2018-04-25,250.679
2018-04-26,250.69783333333334
2018-04-27,250.71666666666667
2018-04-28,250.7355
2018-04-29,250.75433333333334
2018-04-30,250.77316666666667
2018-05-01,250.792
2018-05-02,250.79929032258065
2018-05-03,250.8065806451613
2018-05-04,250.81387096774193
2018-05-05,250.82116129032258
2018-05-06,250.82845161290322
2018-05-07,250.83574193548387
2018-05-08,250.8430322580645
2018-05-09,250.85032258064516
2018-05-10,250.8576129032258
2018-05-11,250.86490322580644
2018-05-12,250.8721935483871
2018-05-13,250.87948387096773
2018-05-14,250.88677419354838
2018-05-15,250.89406451612902
2018-05-16,250.90135483870966
2018-05-17,250.90864516129034
2018-05-18,250.91593548387098
2018-05-19,250.92322580645163
2018-05-20,250.93051612903227
2018-05-21,250.93780645161291
2018-05-22,250.94509677419356
2018-05-23,250.9523870967742
2018-05-24,250.95967741935485
2018-05-25,250.9669677419355
2018-05-26,250.97425806451614
2018-05-27,250.98154838709678
2018-05-28,250.98883870967742
2018-05-29,250.99612903225807
2018-05-30,251.0034193548387
2018-05-31,251.01070967741936
2018-06-01,251.018
2018-06-02,251.02453333333332
2018-06-03,251.03106666666667
2018-06-04,251.0376
2018-06-05,251.04413333333332
2018-06-06,251.05066666666667
2018-06-07,251.0572
2018-06-08,251.06373333333335
2018-06-09,251.07026666666667
2018-06-10,251.0768
2018-06-11,251.08333333333334
2018-06-12,251.08986666666667
2018-06-13,251.0964
2018-06-14,251.10293333333334
2018-06-15,251.10946666666666
2018-06-16,251.11599999999999
2018-06-17,251.12253333333334
2018-06-18,251.12906666666666
2018-06-19,251.1356
2018-06-20,251.14213333333333
2018-06-21,251.14866666666666
2018-06-22,251.1552
2018-06-23,251.16173333333333
2018-06-24,251.16826666666665
2018-06-25,251.1748
2018-06-26,251.18133333333333
2018-06-27,251.18786666666668
2018-06-28,251.1944
2018-06-29,251.20093333333332
2018-06-30,251.20746666666668
2018-07-01,251.214
2018-07-02,251.22848387096775
2018-07-03,251.24296774193547
2018-07-04,251.25745161290322
2018-07-05,251.27193548387098
2018-07-06,251.2864193548387
2018-07-07,251.30090322580645
2018-07-08,251.3153870967742
2018-07-09,251.32987096774193
2018-07-10,251.34435483870968
2018-07-11,251.35883870967743
2018-07-12,251.37332258064515
2018-07-13,251.3878064516129
2018-07-14,251.40229032258065
2018-07-15,251.41677419354838
2018-07-16,251.43125806451613
2018-07-17,251.44574193548388
2018-07-18,251.46022580645163
2018-07-19,251.47470967741936
2018-07-20,251.4891935483871
2018-07-21,251.50367741935486
2018-07-22,251.51816129032258
2018-07-23,251.53264516129033
2018-07-24,251.54712903225808
2018-07-25,251.5616129032258
2018-07-26,251.57609677419356
2018-07-27,251.5905806451613
2018-07-28,251.60506451612903
2018-07-29,251.61954838709678
2018-07-30,251.63403225806454
2018-07-31,251.64851612903226
2018-08-01,251.663
2018-08-02,251.6797419354839
2018-08-03,251.69648387096774
2018-08-04,251.71322580645162
2018-08-05,251.7299677419355
2018-08-06,251.74670967741937
2018-08-07,251.76345161290322
2018-08-08,251.7801935483871
2018-08-09,251.79693548387098
2018-08-10,251.81367741935483
2018-08-11,251.8304193548387
2018-08-12,251.8471612903226
2018-08-13,251.86390322580647
2018-08-14,251.88064516129032
2018-08-15,251.8973870967742
2018-08-16,251.91412903225807
2018-08-17,251.93087096774192
2018-08-18,251.9476129032258
2018-08-19,251.96435483870968
2018-08-20,251.98109677419353
2018-08-21,251.9978387096774
2018-08-22,252.0145806451613
2018-08-23,252.03132258064517
2018-08-24,252.04806451612902
2018-08-25,252.0648064516129
2018-08-26,252.08154838709677
2018-08-27,252.09829032258062
2018-08-28,252.1150322580645
2018-08-29,252.13177419354838
2018-08-30,252.14851612903226
2018-08-31,252.1652580645161
2018-09-01,252.182
2018-09-02,252.20166666666665
2018-09-03,252.22133333333332
2018-09-04,252.24099999999999
2018-09-05,252.26066666666665
2018-09-06,252.28033333333332
2018-09-07,252.29999999999998
2018-09-08,252.31966666666665
2018-09-09,252.33933333333331
2018-09-10,252.35899999999998
2018-09-11,252.37866666666665
2018-09-12,252.3983333333333
2018-09-13,252.41799999999998
2018-09-14,252.43766666666664
2018-09-15,252.4573333333333
2018-09-16,252.47699999999998
2018-09-17,252.49666666666667
2018-09-18,252.51633333333334
2018-09-19,252.536
2018-09-20,252.55566666666667
2018-09-21,252.57533333333333
2018-09-22,252.595
2018-09-23,252.61466666666666
2018-09-24,252.63433333333333
2018-09-25,252.654
2018-09-26,252.67366666666666
2018-09-27,252.69333333333333
2018-09-28,252.713
2018-09-29,252.73266666666666
2018-09-30,252.75233333333333
2018-10-01,252.772
2018-10-02,252.7662580645161
2018-10-03,252.76051612903225
2018-10-04,252.75477419354837
2018-10-05,252.74903225806452
2018-10-06,252.74329032258063
2018-10-07,252.73754838709678
2018-10-08,252.7318064516129
2018-10-09,252.72606451612901
2018-10-10,252.72032258064516
2018-10-11,252.71458064516128
2018-10-12,252.70883870967742
2018-10-13,252.70309677419354
2018-10-14,252.69735483870966
2018-10-15,252.6916129032258
2018-10-16,252.68587096774192
2018-10-17,252.68012903225807
2018-10-18,252.67438709677418
2018-10-19,252.66864516129033
2018-10-20,252.66290322580645
2018-10-21,252.65716129032256
2018-10-22,252.6514193548387
2018-10-23,252.64567741935483
2018-10-24,252.63993548387097
2018-10-25,252.6341935483871
2018-10-26,252.6284516129032
2018-10-27,252.62270967741935
2018-10-28,252.61696774193547
2018-10-29,252.6112258064516
2018-10-30,252.60548387096773
2018-10-31,252.59974193548388
2018-11-01,252.594
2018-11-02,252.59976666666665
2018-11-03,252.60553333333334
2018-11-04,252.6113
2018-11-05,252.61706666666666
2018-11-06,252.62283333333332
2018-11-07,252.6286
2018-11-08,252.63436666666666
2018-11-09,252.64013333333332
2018-11-10,252.64589999999998
2018-11-11,252.65166666666667
2018-11-12,252.65743333333333
2018-11-13,252.6632
2018-11-14,252.66896666666665
2018-11-15,252.67473333333334
2018-11-16,252.6805
2018-11-17,252.68626666666665
2018-11-18,252.69203333333334
2018-11-19,252.6978
2018-11-20,252.70356666666666
2018-11-21,252.70933333333332
2018-11-22,252.7151
2018-11-23,252.72086666666667
2018-11-24,252.72663333333333
2018-11-25,252.73239999999998
2018-11-26,252.73816666666667
2018-11-27,252.74393333333333
2018-11-28,252.7497
2018-11-29,252.75546666666665
2018-11-30,252.76123333333334
2018-12-01,252.767
2018-12-02,252.76035483870967
2018-12-03,252.75370967741935
2018-12-04,252.74706451612903
2018-12-05,252.7404193548387
2018-12-06,252.73377419354838
2018-12-07,252.72712903225806
2018-12-08,252.72048387096774
2018-12-09,252.71383870967742
2018-12-10,252.7071935483871
2018-12-11,252.70054838709677
2018-12-12,252.69390322580645
2018-12-13,252.68725806451613
2018-12-14,252.6806129032258
2018-12-15,252.67396774193548
2018-12-16,252.66732258064516
2018-12-17,252.66067741935484
2018-12-18,252.65403225806452
2018-12-19,252.6473870967742
2018-12-20,252.64074193548387
2018-12-21,252.63409677419355
2018-12-22,252.62745161290323
2018-12-23,252.6208064516129
2018-12-24,252.61416129032258
2018-12-25,252.60751612903226
2018-12-26,252.60087096774194
2018-12-27,252.59422580645162
2018-12-28,252.5875806451613
2018-12-29,252.58093548387097
2018-12-30,252.57429032258065
2018-12-31,252.56764516129033
2019-01-01,252.561
2019-01-02,252.58545161290323
2019-01-03,252.60990322580645
2019-01-04,252.63435483870967
2019-01-05,252.65880645161292
2019-01-06,252.68325806451614
2019-01-07,252.70770967741936
2019-01-08,252.73216129032258
2019-01-09,252.7566129032258
2019-01-10,252.78106451612902
2019-01-11,252.80551612903227
2019-01-12,252.8299677419355
2019-01-13,252.8544193548387
2019-01-14,252.87887096774193
2019-01-15,252.90332258064515
2019-01-16,252.92777419354837
2019-01-17,252.95222580645162
2019-01-18,252.97667741935484
2019-01-19,253.00112903225806
2019-01-20,253.02558064516128
2019-01-21,253.0500322580645
2019-01-22,253.07448387096773
2019-01-23,253.09893548387097
2019-01-24,253.1233870967742
2019-01-25,253.14783870967742
2019-01-26,253.17229032258064
2019-01-27,253.19674193548386
2019-01-28,253.22119354838708
2019-01-29,253.24564516129033
2019-01-30,253.27009677419355
2019-01-31,253.29454838709677
2019-02-01,253.319
2019-02-02,253.35321428571427
2019-02-03,253.38742857142856
2019-02-04,253.42164285714284
2019-02-05,253.45585714285713
2019-02-06,253.4900714285714
2019-02-07,253.5242857142857
2019-02-08,253.55849999999998
2019-02-09,253.59271428571427
2019-02-10,253.62692857142855
2019-02-11,253.66114285714283
2019-02-12,253.69535714285712
2019-02-13,253.7295714285714
2019-02-14,253.7637857142857
2019-02-15,253.798
2019-02-16,253.8322142857143
2019-02-17,253.86642857142857
2019-02-18,253.90064285714286
2019-02-19,253.93485714285714
2019-02-20,253.96907142857143
2019-02-21,254.0032857142857
2019-02-22,254.0375
2019-02-23,254.07171428571428
2019-02-24,254.10592857142856
2019-02-25,254.14014285714285
2019-02-26,254.17435714285713
2019-02-27,254.20857142857142
2019-02-28,254.2427857142857
2019-03-01,254.277
2019-03-02,254.3078387096774
2019-03-03,254.33867741935484
2019-03-04,254.36951612903223
2019-03-05,254.40035483870966
2019-03-06,254.43119354838709
2019-03-07,254.4620322580645
2019-03-08,254.49287096774194
2019-03-09,254.52370967741933
2019-03-10,254.55454838709676
2019-03-11,254.58538709677418
2019-03-12,254.6162258064516
2019-03-13,254.64706451612903
2019-03-14,254.67790322580643
2019-03-15,254.70874193548386
2019-03-16,254.73958064516128
2019-03-17,254.7704193548387
2019-03-18,254.80125806451613
2019-03-19,254.83209677419356
2019-03-20,254.86293548387096
2019-03-21,254.89377419354838
2019-03-22,254.9246129032258
2019-03-23,254.95545161290323
2019-03-24,254.98629032258066
2019-03-25,255.01712903225805
2019-03-26,255.04796774193548
2019-03-27,255.0788064516129
2019-03-28,255.10964516129033
2019-03-29,255.14048387096776
2019-03-30,255.17132258064515
2019-03-31,255.20216129032258
2019-04-01,255.233
2019-04-02,255.23510000000002
2019-04-03,255.2372
2019-04-04,255.23930000000001
2019-04-05,255.2414
2019-04-06,255.2435
2019-04-07,255.2456
2019-04-08,255.2477
2019-04-09,255.2498
2019-04-10,255.2519
2019-04-11,255.254
2019-04-12,255.2561
2019-04-13,255.2582
2019-04-14,255.2603
2019-04-15,255.26239999999999
2019-04-16,255.2645
2019-04-17,255.2666
2019-04-18,255.2687
2019-04-19,255.2708
2019-04-20,255.2729
2019-04-21,255.275
2019-04-22,255.2771
2019-04-23,255.2792
2019-04-24,255.2813
2019-04-25,255.2834
2019-04-26,255.28549999999998
2019-04-27,255.2876
2019-04-28,255.28969999999998
2019-04-29,255.2918
2019-04-30,255.29389999999998
2019-05-01,255.296
2019-05-02,255.29332258064517
2019-05-03,255.2906451612903
2019-05-04,255.2879677419355
2019-05-05,255.28529032258064
2019-05-06,255.2826129032258
2019-05-07,255.27993548387096
2019-05-08,255.27725806451613
2019-05-09,255.27458064516128
2019-05-10,255.27190322580645
2019-05-11,255.2692258064516
2019-05-12,255.26654838709678
2019-05-13,255.26387096774192
2019-05-14,255.2611935483871
2019-05-15,255.25851612903224
2019-05-16,255.25583870967742
2019-05-17,255.25316129032257
2019-05-18,255.25048387096774
2019-05-19,255.2478064516129
2019-05-20,255.24512903225806
2019-05-21,255.2424516129032
2019-05-22,255.23977419354839
2019-05-23,255.23709677419353
2019-05-24,255.2344193548387
2019-05-25,255.23174193548385
2019-05-26,255.22906451612903
2019-05-27,255.22638709677418
2019-05-28,255.22370967741935
2019-05-29,255.2210322580645
2019-05-30,255.21835483870967
2019-05-31,255.21567741935482
2019-06-01,255.213
2019-06-02,255.23263333333333
2019-06-03,255.25226666666666
2019-06-04,255.2719
2019-06-05,255.29153333333332
2019-06-06,255.31116666666665
2019-06-07,255.33079999999998
2019-06-08,255.3504333333333
2019-06-09,255.37006666666667
2019-06-10,255.3897
2019-06-11,255.40933333333334
2019-06-12,255.42896666666667
2019-06-13,255.4486
2019-06-14,255.46823333333333
2019-06-15,255.48786666666666
2019-06-16,255.5075
2019-06-17,255.52713333333332
2019-06-18,255.54676666666666
2019-06-19,255.5664
2019-06-20,255.58603333333332
2019-06-21,255.60566666666665
2019-06-22,255.62529999999998
2019-06-23,255.6449333333333
2019-06-24,255.66456666666667
2019-06-25,255.6842
2019-06-26,255.70383333333334
2019-06-27,255.72346666666667
2019-06-28,255.7431
2019-06-29,255.76273333333333
2019-06-30,255.78236666666666
2019-07-01,255.802
2019-07-02,255.80954838709675
2019-07-03,255.81709677419354
2019-07-04,255.8246451612903
2019-07-05,255.8321935483871
2019-07-06,255.83974193548386
2019-07-07,255.84729032258065
2019-07-08,255.8548387096774
2019-07-09,255.8623870967742
2019-07-10,255.86993548387096
2019-07-11,255.87748387096775
2019-07-12,255.8850322580645
2019-07-13,255.89258064516127
2019-07-14,255.90012903225806
2019-07-15,255.90767741935483
2019-07-16,255.91522580645162
2019-07-17,255.92277419354838
2019-07-18,255.93032258064517
2019-07-19,255.93787096774193
2019-07-20,255.94541935483872
2019-07-21,255.95296774193548
2019-07-22,255.96051612903224
2019-07-23,255.96806451612903
2019-07-24,255.9756129032258
2019-07-25,255.98316129032258
2019-07-26,255.99070967741935
2019-07-27,255.99825806451614
2019-07-28,256.0058064516129
2019-07-29,256.0133548387097
2019-07-30,256.0209032258065
2019-07-31,256.0284516129032
2019-08-01,256.036
2019-08-02,256.04870967741937
2019-08-03,256.06141935483873
2019-08-04,256.07412903225804
2019-08-05,256.0868387096774
2019-08-06,256.0995483870968
2019-08-07,256.11225806451614
2019-08-08,256.1249677419355
2019-08-09,256.1376774193548
2019-08-10,256.1503870967742
2019-08-11,256.16309677419355
2019-08-12,256.1758064516129
2019-08-13,256.1885161290323
2019-08-14,256.2012258064516
2019-08-15,256.21393548387096
2019-08-16,256.2266451612903
2019-08-17,256.2393548387097
2019-08-18,256.25206451612905
2019-08-19,256.2647741935484
2019-08-20,256.2774838709677
2019-08-21,256.2901935483871
2019-08-22,256.30290322580646
2019-08-23,256.3156129032258
2019-08-24,256.3283225806452
2019-08-25,256.3410322580645
2019-08-26,256.35374193548387
2019-08-27,256.36645161290323
2019-08-28,256.3791612903226
2019-08-29,256.39187096774197
2019-08-30,256.4045806451613
2019-08-31,256.41729032258064
2019-09-01,256.43
2019-09-02,256.45416666666665
2019-09-03,256.47833333333335
2019-09-04,256.5025
2019-09-05,256.52666666666664
2019-09-06,256.55083333333334
2019-09-07,256.575
2019-09-08,256.5991666666667
2019-09-09,256.62333333333333
2019-09-10,256.6475
2019-09-11,256.6716666666667
2019-09-12,256.6958333333333
2019-09-13,256.71999999999997
2019-09-14,256.7441666666667
2019-09-15,256.7683333333333
2019-09-16,256.7925
2019-09-17,256.81666666666666
2019-09-18,256.8408333333333
2019-09-19,256.865
2019-09-20,256.88916666666665
2019-09-21,256.9133333333333
2019-09-22,256.9375
2019-09-23,256.96166666666664
2019-09-24,256.9858333333333
2019-09-25,257.01
2019-09-26,257.03416666666664
2019-09-27,257.05833333333334
2019-09-28,257.0825
2019-09-29,257.1066666666666
2019-09-30,257.1308333333333
2019-10-01,257.155
2019-10-02,257.17835483870965
2019-10-03,257.20170967741933
2019-10-04,257.225064516129
2019-10-05,257.2484193548387
2019-10-06,257.27177419354837
2019-10-07,257.29512903225805
2019-10-08,257.3184838709677
2019-10-09,257.3418387096774
2019-10-10,257.3651935483871
2019-10-11,257.38854838709676
2019-10-12,257.41190322580644
2019-10-13,257.4352580645161
2019-10-14,257.4586129032258
2019-10-15,257.4819677419355
2019-10-16,257.50532258064516
2019-10-17,257.52867741935484
2019-10-18,257.5520322580645
2019-10-19,257.5753870967742
2019-10-20,257.5987419354839
2019-10-21,257.62209677419355
2019-10-22,257.64545161290323
2019-10-23,257.6688064516129
2019-10-24,257.6921612903226
2019-10-25,257.71551612903227
2019-10-26,257.73887096774195
2019-10-27,257.7622258064516
2019-10-28,257.7855806451613
2019-10-29,257.808935483871
2019-10-30,257.83229032258066
2019-10-31,257.85564516129034
2019-11-01,257.879
2019-11-02,257.90403333333336
2019-11-03,257.9290666666667
2019-11-04,257.95410000000004
2019-11-05,257.9791333333333
2019-11-06,258.00416666666666
2019-11-07,258.0292
2019-11-08,258.05423333333334
2019-11-09,258.0792666666667
2019-11-10,258.1043
2019-11-11,258.12933333333336
2019-11-12,258.1543666666667
2019-11-13,258.1794
2019-11-14,258.2044333333333
2019-11-15,258.22946666666667
2019-11-16,258.2545
2019-11-17,258.27953333333335
2019-11-18,258.3045666666667
2019-11-19,258.3296
2019-11-20,258.3546333333333
2019-11-21,258.37966666666665
2019-11-22,258.4047
2019-11-23,258.42973333333333
2019-11-24,258.45476666666667
2019-11-25,258.4798
2019-11-26,258.50483333333335
2019-11-27,258.5298666666667
2019-11-28,258.5549
2019-11-29,258.5799333333333
2019-11-30,258.60496666666666
2019-12-01,258.63
2019-12-02,258.6460322580645
2019-12-03,258.662064516129
2019-12-04,258.67809677419353
2019-12-05,258.69412903225805
2019-12-06,258.71016129032256
2019-12-07,258.7261935483871
2019-12-08,258.7422258064516
2019-12-09,258.75825806451616
2019-12-10,258.77429032258067
2019-12-11,258.7903225806452
2019-12-12,258.8063548387097
2019-12-13,258.8223870967742
2019-12-14,258.8384193548387
2019-12-15,258.85445161290323
2019-12-16,258.87048387096775
2019-12-17,258.88651612903226
2019-12-18,258.9025483870968
2019-12-19,258.9185806451613
2019-12-20,258.9346129032258
2019-12-21,258.9506451612903
2019-12-22,258.9666774193548
2019-12-23,258.98270967741934
2019-12-24,258.99874193548385
2019-12-25,259.0147741935484
2019-12-26,259.03080645161293
2019-12-27,259.04683870967744
2019-12-28,259.06287096774196
2019-12-29,259.07890322580647
2019-12-30,259.094935483871
2019-12-31,259.1109677419355
2020-01-01,259.127
2020-01-02,259.1309677419355
2020-01-03,259.134935483871
2020-01-04,259.1389032258065
2020-01-05,259.14287096774194
2020-01-06,259.1468387096774
2020-01-07,259.15080645161294
2020-01-08,259.1547741935484
2020-01-09,259.1587419354839
2020-01-10,259.16270967741934
2020-01-11,259.16667741935487
2020-01-12,259.17064516129034
2020-01-13,259.1746129032258
2020-01-14,259.1785806451613
2020-01-15,259.1825483870968
2020-01-16,259.18651612903227
2020-01-17,259.19048387096774
2020-01-18,259.1944516129032
2020-01-19,259.19841935483873
2020-01-20,259.2023870967742
2020-01-21,259.2063548387097
2020-01-22,259.21032258064514
2020-01-23,259.21429032258067
2020-01-24,259.21825806451614
2020-01-25,259.2222258064516
2020-01-26,259.2261935483871
2020-01-27,259.2301612903226
2020-01-28,259.23412903225807
2020-01-29,259.23809677419354
2020-01-30,259.242064516129
2020-01-31,259.24603225806453
2020-02-01,259.25
2020-02-02,259.20951724137933
2020-02-03,259.1690344827586
2020-02-04,259.12855172413794
2020-02-05,259.08806896551727
2020-02-06,259.04758620689654
2020-02-07,259.00710344827587
2020-02-08,258.9666206896552
2020-02-09,258.9261379310345
2020-02-10,258.8856551724138
2020-02-11,258.84517241379314
2020-02-12,258.8046896551724
2020-02-13,258.76420689655174
2020-02-14,258.7237241379311
2020-02-15,258.68324137931035
2020-02-16,258.6427586206897
2020-02-17,258.60227586206895
2020-02-18,258.5617931034483
2020-02-19,258.5213103448276
2020-02-20,258.4808275862069
2020-02-21,258.4403448275862
2020-02-22,258.39986206896555
2020-02-23,258.3593793103448
2020-02-24,258.31889655172415
2020-02-25,258.2784137931035
2020-02-26,258.23793103448276
2020-02-27,258.1974482758621
2020-02-28,258.1569655172414
2020-02-29,258.1164827586207
2020-03-01,258.076
2020-03-02,258.01006451612903
2020-03-03,257.9441290322581
2020-03-04,257.8781935483871
2020-03-05,257.81225806451613
2020-03-06,257.7463225806452
2020-03-07,257.6803870967742
2020-03-08,257.6144516129032
2020-03-09,257.5485161290323
2020-03-10,257.4825806451613
2020-03-11,257.4166451612903
2020-03-12,257.3507096774194
2020-03-13,257.2847741935484
2020-03-14,257.2188387096774
2020-03-15,257.1529032258065
2020-03-16,257.0869677419355
2020-03-17,257.0210322580645
2020-03-18,256.9550967741935
2020-03-19,256.8891612903226
2020-03-20,256.8232258064516
2020-03-21,256.7572903225806
2020-03-22,256.6913548387097
2020-03-23,256.6254193548387
2020-03-24,256.5594838709677
2020-03-25,256.4935483870968
2020-03-26,256.4276129032258
2020-03-27,256.3616774193548
2020-03-28,256.2957419354839
2020-03-29,256.2298064516129
2020-03-30,256.1638709677419
2020-03-31,256.09793548387097
2020-04-01,256.032
2020-04-02,256.0243333333333
2020-04-03,256.01666666666665
2020-04-04,256.00899999999996
2020-04-05,256.0013333333333
2020-04-06,255.99366666666666
2020-04-07,255.986
2020-04-08,255.97833333333332
2020-04-09,255.97066666666666
2020-04-10,255.963
2020-04-11,255.95533333333333
2020-04-12,255.94766666666666
2020-04-13,255.94
2020-04-14,255.93233333333333
2020-04-15,255.92466666666667
2020-04-16,255.91699999999997
2020-04-17,255.9093333333333
2020-04-18,255.90166666666664
2020-04-19,255.89399999999998
2020-04-20,255.8863333333333
2020-04-21,255.87866666666665
2020-04-22,255.87099999999998
2020-04-23,255.86333333333332
2020-04-24,255.85566666666665
2020-04-25,255.84799999999998
2020-04-26,255.84033333333332
2020-04-27,255.83266666666665
2020-04-28,255.825
2020-04-29,255.81733333333332
2020-04-30,255.80966666666666
2020-05-01,255.802
2020-05-02,255.84199999999998
2020-05-03,255.882
2020-05-04,255.922
2020-05-05,255.962
2020-05-06,256.002
2020-05-07,256.042
2020-05-08,256.082
2020-05-09,256.122
2020-05-10,256.162
2020-05-11,256.202
2020-05-12,256.24199999999996
2020-05-13,256.282
2020-05-14,256.322
2020-05-15,256.36199999999997
2020-05-16,256.402
2020-05-17,256.442
2020-05-18,256.48199999999997
2020-05-19,256.522
2020-05-20,256.56199999999995
2020-05-21,256.602
2020-05-22,256.642
2020-05-23,256.68199999999996
2020-05-24,256.722
2020-05-25,256.762
2020-05-26,256.80199999999996
2020-05-27,256.842
2020-05-28,256.88199999999995
2020-05-29,256.92199999999997
2020-05-30,256.962
2020-05-31,257.00199999999995
2020-06-01,257.042
2020-06-02,257.0856666666666
2020-06-03,257.1293333333333
2020-06-04,257.173
2020-06-05,257.21666666666664
2020-06-06,257.2603333333333
2020-06-07,257.304
2020-06-08,257.34766666666667
2020-06-09,257.3913333333333
2020-06-10,257.43499999999995
2020-06-11,257.47866666666664
2020-06-12,257.52233333333334
2020-06-13,257.566
2020-06-14,257.6096666666666
2020-06-15,257.6533333333333
2020-06-16,257.697
2020-06-17,257.74066666666664
2020-06-18,257.7843333333333
2020-06-19,257.828
2020-06-20,257.87166666666667
2020-06-21,257.9153333333333
2020-06-22,257.95899999999995
2020-06-23,258.00266666666664
2020-06-24,258.04633333333334
2020-06-25,258.09
2020-06-26,258.1336666666666
2020-06-27,258.1773333333333
2020-06-28,258.221
2020-06-29,258.26466666666664
2020-06-30,258.3083333333333
2020-07-01,258.352
2020-07-02,258.3830967741935
2020-07-03,258.41419354838706
2020-07-04,258.4452903225806
2020-07-05,258.47638709677415
2020-07-06,258.5074838709677
2020-07-07,258.5385806451613
2020-07-08,258.56967741935483
2020-07-09,258.6007741935484
2020-07-10,258.6318709677419
2020-07-11,258.66296774193546
2020-07-12,258.694064516129
2020-07-13,258.72516129032255
2020-07-14,258.7562580645161
2020-07-15,258.78735483870963
2020-07-16,258.8184516129032
2020-07-17,258.8495483870968
2020-07-18,258.8806451612903
2020-07-19,258.91174193548386
2020-07-20,258.9428387096774
2020-07-21,258.97393548387095
2020-07-22,259.0050322580645
2020-07-23,259.03612903225803
2020-07-24,259.0672258064516
2020-07-25,259.0983225806451
2020-07-26,259.12941935483866
2020-07-27,259.16051612903226
2020-07-28,259.1916129032258
2020-07-29,259.22270967741935
2020-07-30,259.2538064516129
2020-07-31,259.28490322580643
2020-08-01,259.316
2020-08-02,259.3379677419355
2020-08-03,259.35993548387097
2020-08-04,259.3819032258064
2020-08-05,259.4038709677419
2020-08-06,259.4258387096774
2020-08-07,259.4478064516129
2020-08-08,259.46977419354835
2020-08-09,259.49174193548384
2020-08-10,259.51370967741934
2020-08-11,259.53567741935484
2020-08-12,259.55764516129034
2020-08-13,259.5796129032258
2020-08-14,259.6015806451613
2020-08-15,259.6235483870968
2020-08-16,259.6455161290323
2020-08-17,259.6674838709677
2020-08-18,259.6894516129032
2020-08-19,259.7114193548387
2020-08-20,259.7333870967742
2020-08-21,259.75535483870965
2020-08-22,259.77732258064515
2020-08-23,259.79929032258065
2020-08-24,259.82125806451614
2020-08-25,259.84322580645164
2020-08-26,259.8651935483871
2020-08-27,259.8871612903226
2020-08-28,259.9091290322581
2020-08-29,259.9310967741936
2020-08-30,259.953064516129
2020-08-31,259.9750322580645
2020-09-01,259.997
2020-09-02,260.00773333333336
2020-09-03,260.01846666666665
2020-09-04,260.0292
2020-09-05,260.03993333333335
2020-09-06,260.0506666666667
2020-09-07,260.0614
2020-09-08,260.07213333333334
2020-09-09,260.0828666666667
2020-09-10,260.09360000000004
2020-09-11,260.10433333333333
2020-09-12,260.1150666666667
2020-09-13,260.1258
2020-09-14,260.1365333333334
2020-09-15,260.14726666666667
2020-09-16,260.158
2020-09-17,260.16873333333336
2020-09-18,260.17946666666666
2020-09-19,260.1902
2020-09-20,260.20093333333335
2020-09-21,260.2116666666667
2020-09-22,260.2224
2020-09-23,260.23313333333334
2020-09-24,260.2438666666667
2020-09-25,260.25460000000004
2020-09-26,260.26533333333333
2020-09-27,260.2760666666667
2020-09-28,260.2868
2020-09-29,260.2975333333334
2020-09-30,260.30826666666667
2020-10-01,260.319
2020-10-02,260.33809677419356
2020-10-03,260.3571935483871
2020-10-04,260.37629032258064
2020-10-05,260.3953870967742
2020-10-06,260.41448387096773
2020-10-07,260.4335806451613
2020-10-08,260.45267741935487
2020-10-09,260.4717741935484
2020-10-10,260.49087096774196
2020-10-11,260.5099677419355
2020-10-12,260.52906451612904
2020-10-13,260.5481612903226
2020-10-14,260.5672580645161
2020-10-15,260.58635483870967
2020-10-16,260.6054516129032
2020-10-17,260.6245483870968
2020-10-18,260.64364516129035
2020-10-19,260.6627419354839
2020-10-20,260.68183870967744
2020-10-21,260.700935483871
2020-10-22,260.7200322580645
2020-10-23,260.73912903225806
2020-10-24,260.7582258064516
2020-10-25,260.77732258064515
2020-10-26,260.7964193548387
2020-10-27,260.8155161290323
2020-10-28,260.83461290322583
2020-10-29,260.8537096774194
2020-10-30,260.8728064516129
2020-10-31,260.89190322580646
2020-11-01,260.911
2020-11-02,260.9488
2020-11-03,260.9866
2020-11-04,261.0244
2020-11-05,261.0622
2020-11-06,261.1
2020-11-07,261.1378
2020-11-08,261.17560000000003
2020-11-09,261.2134
2020-11-10,261.2512
2020-11-11,261.289
2020-11-12,261.3268
2020-11-13,261.3646
2020-11-14,261.4024
2020-11-15,261.4402
2020-11-16,261.478
2020-11-17,261.5158
2020-11-18,261.5536
2020-11-19,261.5914
2020-11-20,261.6292
2020-11-21,261.66700000000003
2020-11-22,261.70480000000003
2020-11-23,261.74260000000004
2020-11-24,261.7804
2020-11-25,261.8182
2020-11-26,261.856
2020-11-27,261.8938
2020-11-28,261.9316
2020-11-29,261.9694
2020-11-30,262.0072
2020-12-01,262.045
2020-12-02,262.0641612903226
2020-12-03,262.0833225806452
2020-12-04,262.1024838709678
2020-12-05,262.12164516129036
2020-12-06,262.14080645161295
2020-12-07,262.1599677419355
2020-12-08,262.17912903225806
2020-12-09,262.19829032258065
2020-12-10,262.21745161290323
2020-12-11,262.2366129032258
2020-12-12,262.2557741935484
2020-12-13,262.274935483871
2020-12-14,262.2940967741936
2020-12-15,262.31325806451616
2020-12-16,262.33241935483875
2020-12-17,262.3515806451613
2020-12-18,262.37074193548386
2020-12-19,262.38990322580645
2020-12-20,262.40906451612904
2020-12-21,262.4282258064516
2020-12-22,262.4473870967742
2020-12-23,262.4665483870968
2020-12-24,262.4857096774194
2020-12-25,262.50487096774197
2020-12-26,262.52403225806455
2020-12-27,262.5431935483871
2020-12-28,262.56235483870967
2020-12-29,262.58151612903225
2020-12-30,262.60067741935484
2020-12-31,262.6198387096774
2021-01-01,262.639
2021-01-02,262.66912903225807
2021-01-03,262.69925806451613
2021-01-04,262.7293870967742
2021-01-05,262.75951612903225
2021-01-06,262.7896451612903
2021-01-07,262.81977419354837
2021-01-08,262.84990322580643
2021-01-09,262.88003225806455
2021-01-10,262.9101612903226
2021-01-11,262.94029032258067
2021-01-12,262.9704193548387
2021-01-13,263.0005483870968
2021-01-14,263.03067741935484
2021-01-15,263.0608064516129
2021-01-16,263.09093548387096
2021-01-17,263.121064516129
2021-01-18,263.1511935483871
2021-01-19,263.18132258064514
2021-01-20,263.2114516129032
2021-01-21,263.24158064516126
2021-01-22,263.2717096774193
2021-01-23,263.3018387096774
2021-01-24,263.33196774193544
2021-01-25,263.36209677419356
2021-01-26,263.3922258064516
2021-01-27,263.4223548387097
2021-01-28,263.45248387096774
2021-01-29,263.4826129032258
2021-01-30,263.51274193548386
2021-01-31,263.5428709677419
2021-02-01,263.573
2021-02-02,263.6185
2021-02-03,263.664
2021-02-04,263.7095
2021-02-05,263.755
2021-02-06,263.8005
2021-02-07,263.846
2021-02-08,263.89149999999995
2021-02-09,263.93699999999995
2021-02-10,263.98249999999996
2021-02-11,264.02799999999996
2021-02-12,264.07349999999997
2021-02-13,264.11899999999997
2021-02-14,264.1645
2021-02-15,264.21
2021-02-16,264.2555
2021-02-17,264.301
2021-02-18,264.3465
2021-02-19,264.392
2021-02-20,264.4375
2021-02-21,264.483
2021-02-22,264.5285
2021-02-23,264.57399999999996
2021-02-24,264.61949999999996
2021-02-25,264.66499999999996
2021-02-26,264.71049999999997
2021-02-27,264.756
2021-02-28,264.8015
2021-03-01,264.847
2021-03-02,264.90435483870965
2021-03-03,264.9617096774193
2021-03-04,265.019064516129
2021-03-05,265.0764193548387
2021-03-06,265.1337741935484
2021-03-07,265.19112903225806
2021-03-08,265.24848387096773
2021-03-09,265.3058387096774
2021-03-10,265.3631935483871
2021-03-11,265.42054838709674
2021-03-12,265.4779032258064
2021-03-13,265.53525806451614
2021-03-14,265.5926129032258
2021-03-15,265.6499677419355
2021-03-16,265.70732258064515
2021-03-17,265.7646774193548
2021-03-18,265.8220322580645
2021-03-19,265.87938709677417
2021-03-20,265.93674193548384
2021-03-21,265.99409677419357
2021-03-22,266.05145161290324
2021-03-23,266.1088064516129
2021-03-24,266.1661612903226
2021-03-25,266.22351612903225
2021-03-26,266.2808709677419
2021-03-27,266.3382258064516
2021-03-28,266.39558064516126
2021-03-29,266.452935483871
2021-03-30,266.51029032258066
2021-03-31,266.56764516129033
2021-04-01,266.625
2021-04-02,266.6843
2021-04-03,266.7436
2021-04-04,266.8029
2021-04-05,266.8622
2021-04-06,266.9215
2021-04-07,266.9808
2021-04-08,267.0401
2021-04-09,267.0994
2021-04-10,267.1587
2021-04-11,267.218
2021-04-12,267.2773
2021-04-13,267.3366
2021-04-14,267.3959
2021-04-15,267.4552
2021-04-16,267.5145
2021-04-17,267.5738
2021-04-18,267.6331
2021-04-19,267.6924
2021-04-20,267.75169999999997
2021-04-21,267.811
2021-04-22,267.8703
2021-04-23,267.9296
2021-04-24,267.9889
2021-04-25,268.0482
2021-04-26,268.1075
2021-04-27,268.1668
2021-04-28,268.2261
2021-04-29,268.2854
2021-04-30,268.3447
2021-05-01,268.404
2021-05-02,268.4783870967742
2021-05-03,268.5527741935484
2021-05-04,268.6271612903226
2021-05-05,268.70154838709675
2021-05-06,268.77593548387097
2021-05-07,268.8503225806451
2021-05-08,268.92470967741934
2021-05-09,268.99909677419356
2021-05-10,269.0734838709677
2021-05-11,269.14787096774194
2021-05-12,269.2222580645161
2021-05-13,269.2966451612903
2021-05-14,269.37103225806453
2021-05-15,269.4454193548387
2021-05-16,269.5198064516129
2021-05-17,269.59419354838707
2021-05-18,269.6685806451613
2021-05-19,269.74296774193544
2021-05-20,269.81735483870966
2021-05-21,269.8917419354839
2021-05-22,269.96612903225804
2021-05-23,270.04051612903226
2021-05-24,270.1149032258064
2021-05-25,270.18929032258063
2021-05-26,270.26367741935485
2021-05-27,270.338064516129
2021-05-28,270.4124516129032
2021-05-29,270.4868387096774
2021-05-30,270.5612258064516
2021-05-31,270.63561290322576
2021-06-01,270.71
2021-06-02,270.7518333333333
2021-06-03,270.79366666666664
2021-06-04,270.83549999999997
2021-06-05,270.8773333333333
2021-06-06,270.9191666666666
2021-06-07,270.96099999999996
2021-06-08,271.0028333333333
2021-06-09,271.04466666666667
2021-06-10,271.0865
2021-06-11,271.12833333333333
2021-06-12,271.17016666666666
2021-06-13,271.212
2021-06-14,271.2538333333333
2021-06-15,271.29566666666665
2021-06-16,271.3375
2021-06-17,271.3793333333333
2021-06-18,271.42116666666664
2021-06-19,271.46299999999997
2021-06-20,271.5048333333333
2021-06-21,271.5466666666666
2021-06-22,271.58849999999995
2021-06-23,271.6303333333333
2021-06-24,271.67216666666667
2021-06-25,271.714
2021-06-26,271.7558333333333
2021-06-27,271.79766666666666
2021-06-28,271.8395
2021-06-29,271.8813333333333
2021-06-30,271.92316666666665
2021-07-01,271.965
2021-07-02,271.99038709677416
2021-07-03,272.01577419354834
2021-07-04,272.0411612903226
2021-07-05,272.06654838709676
2021-07-06,272.09193548387094
2021-07-07,272.1173225806451
2021-07-08,272.14270967741936
2021-07-09,272.16809677419354
2021-07-10,272.1934838709677
2021-07-11,272.2188709677419
2021-07-12,272.2442580645161
2021-07-13,272.2696451612903
2021-07-14,272.2950322580645
2021-07-15,272.3204193548387
2021-07-16,272.3458064516129
2021-07-17,272.3711935483871
2021-07-18,272.3965806451613
2021-07-19,272.4219677419355
2021-07-20,272.44735483870966
2021-07-21,272.4727419354839
2021-07-22,272.4981290322581
2021-07-23,272.52351612903226
2021-07-24,272.54890322580644
2021-07-25,272.5742903225806
2021-07-26,272.59967741935486
2021-07-27,272.62506451612904
2021-07-28,272.6504516129032
2021-07-29,272.6758387096774
2021-07-30,272.70122580645165
2021-07-31,272.7266129032258
2021-08-01,272.752
2021-08-02,272.7903870967742
2021-08-03,272.8287741935484
2021-08-04,272.8671612903226
2021-08-05,272.90554838709676
2021-08-06,272.943935483871
2021-08-07,272.9823225806452
2021-08-08,273.02070967741935
2021-08-09,273.05909677419356
2021-08-10,273.0974838709678
2021-08-11,273.13587096774194
2021-08-12,273.17425806451615
2021-08-13,273.2126451612903
2021-08-14,273.2510322580645
2021-08-15,273.28941935483874
2021-08-16,273.3278064516129
2021-08-17,273.3661935483871
2021-08-18,273.4045806451613
2021-08-19,273.4429677419355
2021-08-20,273.4813548387097
2021-08-21,273.51974193548386
2021-08-22,273.5581290322581
2021-08-23,273.59651612903224
2021-08-24,273.63490322580645
2021-08-25,273.67329032258067
2021-08-26,273.7116774193548
2021-08-27,273.75006451612904
2021-08-28,273.78845161290326
2021-08-29,273.8268387096774
2021-08-30,273.86522580645163
2021-08-31,273.9036129032258
2021-09-01,273.942
2021-09-02,274.0282
2021-09-03,274.1144
2021-09-04,274.2006
2021-09-05,274.2868
2021-09-06,274.373
2021-09-07,274.4592
2021-09-08,274.54540000000003
2021-09-09,274.6316
2021-09-10,274.7178
2021-09-11,274.80400000000003
2021-09-12,274.8902
2021-09-13,274.9764
2021-09-14,275.06260000000003
2021-09-15,275.1488
2021-09-16,275.235
2021-09-17,275.32120000000003
2021-09-18,275.4074
2021-09-19,275.4936
2021-09-20,275.57980000000003
2021-09-21,275.666
2021-09-22,275.7522
2021-09-23,275.83840000000004
2021-09-24,275.9246
2021-09-25,276.0108
2021-09-26,276.09700000000004
2021-09-27,276.1832
2021-09-28,276.2694
2021-09-29,276.35560000000004
2021-09-30,276.4418
2021-10-01,276.528
2021-10-02,276.6020645161291
2021-10-03,276.6761290322581
2021-10-04,276.75019354838713
2021-10-05,276.82425806451613
2021-10-06,276.8983225806452
2021-10-07,276.9723870967742
2021-10-08,277.04645161290324
2021-10-09,277.1205161290323
2021-10-10,277.1945806451613
2021-10-11,277.26864516129035
2021-10-12,277.34270967741935
2021-10-13,277.4167741935484
2021-10-14,277.49083870967746
2021-10-15,277.56490322580646
2021-10-16,277.6389677419355
2021-10-17,277.7130322580645
2021-10-18,277.78709677419357
2021-10-19,277.86116129032257
2021-10-20,277.9352258064516
2021-10-21,278.0092903225807
2021-10-22,278.0833548387097
2021-10-23,278.15741935483874
2021-10-24,278.23148387096774
2021-10-25,278.3055483870968
2021-10-26,278.37961290322585
2021-10-27,278.45367741935485
2021-10-28,278.5277419354839
2021-10-29,278.6018064516129
2021-10-30,278.67587096774196
2021-10-31,278.74993548387096
2021-11-01,278.824
2021-11-02,278.89006666666666
2021-11-03,278.95613333333336
2021-11-04,279.0222
2021-11-05,279.0882666666667
2021-11-06,279.15433333333334
2021-11-07,279.2204
2021-11-08,279.2864666666667
2021-11-09,279.3525333333333
2021-11-10,279.4186
2021-11-11,279.48466666666667
2021-11-12,279.5507333333333
2021-11-13,279.6168
2021-11-14,279.68286666666665
2021-11-15,279.74893333333335
2021-11-16,279.815
2021-11-17,279.88106666666664
2021-11-18,279.94713333333334
2021-11-19,280.0132
2021-11-20,280.0792666666667
2021-11-21,280.1453333333333
2021-11-22,280.21139999999997
2021-11-23,280.27746666666667
2021-11-24,280.3435333333333
2021-11-25,280.4096
2021-11-26,280.47566666666665
2021-11-27,280.5417333333333
2021-11-28,280.6078
2021-11-29,280.67386666666664
2021-11-30,280.73993333333334
2021-12-01,280.806
2021-12-02,280.86199999999997
2021-12-03,280.918
2021-12-04,280.974
2021-12-05,281.03
2021-12-06,281.08599999999996
2021-12-07,281.142
2021-12-08,281.198
2021-12-09,281.25399999999996
2021-12-10,281.31
2021-12-11,281.366
2021-12-12,281.42199999999997
2021-12-13,281.47799999999995
2021-12-14,281.534
2021-12-15,281.59
2021-12-16,281.64599999999996
2021-12-17,281.702
2021-12-18,281.758
2021-12-19,281.81399999999996
2021-12-20,281.87
2021-12-21,281.926
2021-12-22,281.98199999999997
2021-12-23,282.03799999999995
2021-12-24,282.094
2021-12-25,282.15
2021-12-26,282.20599999999996
2021-12-27,282.262
2021-12-28,282.318
2021-12-29,282.37399999999997
2021-12-30,282.42999999999995
2021-12-31,282.486
2022-01-01,282.542
2022-01-02,282.60596774193544
2022-01-03,282.6699354838709
2022-01-04,282.73390322580644
2022-01-05,282.7978709677419
2022-01-06,282.8618387096774
2022-01-07,282.92580645161286
2022-01-08,282.9897741935484
2022-01-09,283.05374193548386
2022-01-10,283.1177096774193
2022-01-11,283.1816774193548
2022-01-12,283.24564516129027
2022-01-13,283.3096129032258
2022-01-14,283.37358064516127
2022-01-15,283.43754838709674
2022-01-16,283.5015161290322
2022-01-17,283.56548387096774
2022-01-18,283.6294516129032
2022-01-19,283.6934193548387
2022-01-20,283.75738709677415
2022-01-21,283.8213548387097
2022-01-22,283.88532258064515
2022-01-23,283.9492903225806
2022-01-24,284.0132580645161
2022-01-25,284.07722580645157
2022-01-26,284.1411935483871
2022-01-27,284.20516129032256
2022-01-28,284.26912903225804
2022-01-29,284.3330967741935
2022-01-30,284.39706451612903
2022-01-31,284.4610322580645
2022-02-01,284.525
2022-02-02,284.6300714285714
2022-02-03,284.7351428571428
2022-02-04,284.84021428571424
2022-02-05,284.9452857142857
2022-02-06,285.05035714285714
2022-02-07,285.15542857142856
2022-02-08,285.2605
2022-02-09,285.3655714285714
2022-02-10,285.4706428571428
2022-02-11,285.57571428571424
2022-02-12,285.6807857142857
2022-02-13,285.78585714285714
2022-02-14,285.89092857142856
2022-02-15,285.996
2022-02-16,286.1010714285714
2022-02-17,286.2061428571428
2022-02-18,286.31121428571424
2022-02-19,286.4162857142857
2022-02-20,286.52135714285714
2022-02-21,286.62642857142856
2022-02-22,286.7315
2022-02-23,286.8365714285714
2022-02-24,286.9416428571428
2022-02-25,287.04671428571424
2022-02-26,287.1517857142857
2022-02-27,287.25685714285714
2022-02-28,287.36192857142856
2022-03-01,287.467
2022-03-02,287.5029677419355
2022-03-03,287.53893548387094
2022-03-04,287.57490322580645
2022-03-05,287.6108709677419
2022-03-06,287.6468387096774
2022-03-07,287.68280645161286
2022-03-08,287.71877419354837
2022-03-09,287.7547419354839
2022-03-10,287.79070967741933
2022-03-11,287.82667741935484
2022-03-12,287.8626451612903
2022-03-13,287.8986129032258
2022-03-14,287.9345806451613
2022-03-15,287.97054838709676
2022-03-16,288.00651612903226
2022-03-17,288.0424838709677
2022-03-18,288.0784516129032
2022-03-19,288.1144193548387
2022-03-20,288.1503870967742
2022-03-21,288.1863548387097
2022-03-22,288.22232258064514
2022-03-23,288.25829032258065
2022-03-24,288.2942580645161
2022-03-25,288.3302258064516
2022-03-26,288.3661935483871
2022-03-27,288.40216129032257
2022-03-28,288.4381290322581
2022-03-29,288.4740967741935
2022-03-30,288.51006451612903
2022-03-31,288.5460322580645
2022-04-01,288.582
2022-04-02,288.6725666666667
2022-04-03,288.7631333333333
2022-04-04,288.8537
2022-04-05,288.94426666666664
2022-04-06,289.0348333333333
2022-04-07,289.1254
2022-04-08,289.21596666666665
2022-04-09,289.30653333333333
2022-04-10,289.39709999999997
2022-04-11,289.48766666666666
2022-04-12,289.57823333333334
2022-04-13,289.6688
2022-04-14,289.75936666666666
2022-04-15,289.8499333333333
2022-04-16,289.9405
2022-04-17,290.0310666666667
2022-04-18,290.1216333333333
2022-04-19,290.2122
2022-04-20,290.3027666666666
2022-04-21,290.3933333333333
2022-04-22,290.4839
2022-04-23,290.57446666666664
2022-04-24,290.6650333333333
2022-04-25,290.75559999999996
2022-04-26,290.84616666666665
2022-04-27,290.93673333333334
2022-04-28,291.02729999999997
2022-04-29,291.11786666666666
2022-04-30,291.2084333333333
2022-05-01,291.299
2022-05-02,291.4207096774193
2022-05-03,291.54241935483867
2022-05-04,291.664129032258
2022-05-05,291.7858387096774
2022-05-06,291.90754838709677
2022-05-07,292.0292580645161
2022-05-08,292.15096774193546
2022-05-09,292.2726774193548
2022-05-10,292.39438709677415
2022-05-11,292.51609677419356
2022-05-12,292.6378064516129
2022-05-13,292.75951612903225
2022-05-14,292.8812258064516
2022-05-15,293.00293548387094
2022-05-16,293.1246451612903
2022-05-17,293.2463548387097
2022-05-18,293.36806451612904
2022-05-19,293.4897741935484
2022-05-20,293.61148387096773
2022-05-21,293.7331935483871
2022-05-22,293.8549032258064
2022-05-23,293.9766129032258
2022-05-24,294.0983225806452
2022-05-25,294.2200322580645
2022-05-26,294.34174193548387
2022-05-27,294.4634516129032
2022-05-28,294.58516129032256
2022-05-29,294.70687096774196
2022-05-30,294.8285806451613
2022-05-31,294.95029032258066
2022-06-01,295.072
2022-06-02,295.0676
2022-06-03,295.0632
2022-06-04,295.0588
2022-06-05,295.0544
2022-06-06,295.05
2022-06-07,295.0456
2022-06-08,295.0412
2022-06-09,295.0368
2022-06-10,295.0324
2022-06-11,295.028
2022-06-12,295.0236
2022-06-13,295.0192
2022-06-14,295.0148
2022-06-15,295.0104
2022-06-16,295.006
2022-06-17,295.0016
2022-06-18,294.9972
2022-06-19,294.9928
2022-06-20,294.9884
2022-06-21,294.984
2022-06-22,294.9796
2022-06-23,294.9752
2022-06-24,294.9708
2022-06-25,294.9664
2022-06-26,294.962
2022-06-27,294.9576
2022-06-28,294.9532
2022-06-29,294.9488
2022-06-30,294.9444
2022-07-01,294.94
2022-07-02,294.9471612903226
2022-07-03,294.95432258064517
2022-07-04,294.96148387096775
2022-07-05,294.96864516129034
2022-07-06,294.9758064516129
2022-07-07,294.98296774193545
2022-07-08,294.99012903225804
2022-07-09,294.9972903225806
2022-07-10,295.0044516129032
2022-07-11,295.0116129032258
2022-07-12,295.0187741935484
2022-07-13,295.02593548387097
2022-07-14,295.03309677419355
2022-07-15,295.04025806451614
2022-07-16,295.0474193548387
2022-07-17,295.05458064516125
2022-07-18,295.06174193548384
2022-07-19,295.0689032258064
2022-07-20,295.076064516129
2022-07-21,295.0832258064516
2022-07-22,295.0903870967742
2022-07-23,295.09754838709677
2022-07-24,295.10470967741935
2022-07-25,295.11187096774194
2022-07-26,295.1190322580645
2022-07-27,295.12619354838705
2022-07-28,295.13335483870964
2022-07-29,295.1405161290322
2022-07-30,295.1476774193548
2022-07-31,295.1548387096774
2022-08-01,295.162
2022-08-02,295.20261290322577
2022-08-03,295.2432258064516
2022-08-04,295.2838387096774
2022-08-05,295.3244516129032
2022-08-06,295.365064516129
2022-08-07,295.40567741935484
2022-08-08,295.44629032258064
2022-08-09,295.48690322580643
2022-08-10,295.5275161290322
2022-08-11,295.56812903225807
2022-08-12,295.60874193548386
2022-08-13,295.64935483870966
2022-08-14,295.68996774193545
2022-08-15,295.7305806451613
2022-08-16,295.7711935483871
2022-08-17,295.8118064516129
2022-08-18,295.8524193548387
2022-08-19,295.8930322580645
2022-08-20,295.9336451612903
2022-08-21,295.9742580645161
2022-08-22,296.0148709677419
2022-08-23,296.05548387096775
2022-08-24,296.09609677419354
2022-08-25,296.13670967741933
2022-08-26,296.1773225806451
2022-08-27,296.217935483871
2022-08-28,296.25854838709677
2022-08-29,296.29916129032256
2022-08-30,296.33977419354835
2022-08-31,296.3803870967742
2022-09-01,296.421
2022-09-02,296.47293333333334
2022-09-03,296.52486666666664
2022-09-04,296.5768
2022-09-05,296.62873333333334
2022-09-06,296.68066666666664
2022-09-07,296.7326
2022-09-08,296.78453333333334
2022-09-09,296.83646666666664
2022-09-10,296.8884
2022-09-11,296.94033333333334
2022-09-12,296.99226666666664
2022-09-13,297.0442
2022-09-14,297.09613333333334
2022-09-15,297.14806666666664
2022-09-16,297.2
2022-09-17,297.25193333333334
2022-09-18,297.30386666666664
2022-09-19,297.3558
2022-09-20,297.40773333333334
2022-09-21,297.45966666666664
2022-09-22,297.5116
2022-09-23,297.56353333333334
2022-09-24,297.61546666666663
2022-09-25,297.6674
2022-09-26,297.71933333333334
2022-09-27,297.77126666666663
2022-09-28,297.8232
2022-09-29,297.87513333333334
2022-09-30,297.92706666666663
2022-10-01,297.979
2022-10-02,298.00251612903224
2022-10-03,298.0260322580645
2022-10-04,298.04954838709676
2022-10-05,298.073064516129
2022-10-06,298.0965806451613
2022-10-07,298.12009677419354
2022-10-08,298.1436129032258
2022-10-09,298.16712903225806
2022-10-10,298.1906451612903
2022-10-11,298.2141612903226
2022-10-12,298.23767741935484
2022-10-13,298.2611935483871
2022-10-14,298.28470967741936
2022-10-15,298.3082258064516
2022-10-16,298.3317419354839
2022-10-17,298.35525806451614
2022-10-18,298.3787741935484
2022-10-19,298.40229032258065
2022-10-20,298.4258064516129
2022-10-21,298.4493225806452
2022-10-22,298.47283870967743
2022-10-23,298.4963548387097
2022-10-24,298.51987096774195
2022-10-25,298.5433870967742
2022-10-26,298.56690322580647
2022-10-27,298.59041935483873
2022-10-28,298.613935483871
2022-10-29,298.63745161290325
2022-10-30,298.6609677419355
2022-10-31,298.68448387096777
2022-11-01,298.708
2022-11-02,298.71133333333336
2022-11-03,298.7146666666667
2022-11-04,298.718
2022-11-05,298.72133333333335
2022-11-06,298.7246666666667
2022-11-07,298.728
2022-11-08,298.73133333333334
2022-11-09,298.73466666666667
2022-11-10,298.738
2022-11-11,298.74133333333333
2022-11-12,298.74466666666666
2022-11-13,298.748
2022-11-14,298.7513333333333
2022-11-15,298.75466666666665
2022-11-16,298.75800000000004
2022-11-17,298.76133333333337
2022-11-18,298.7646666666667
2022-11-19,298.76800000000003
2022-11-20,298.77133333333336
2022-11-21,298.7746666666667
2022-11-22,298.778
2022-11-23,298.78133333333335
2022-11-24,298.7846666666667
2022-11-25,298.788
2022-11-26,298.79133333333334
2022-11-27,298.79466666666667
2022-11-28,298.798
2022-11-29,298.80133333333333
2022-11-30,298.80466666666666
2022-12-01,298.808
2022-12-02,298.86116129032257
2022-12-03,298.91432258064515
2022-12-04,298.9674838709677
2022-12-05,299.0206451612903
2022-12-06,299.0738064516129
2022-12-07,299.12696774193546
2022-12-08,299.18012903225804
2022-12-09,299.2332903225807
2022-12-10,299.28645161290325
2022-12-11,299.3396129032258
2022-12-12,299.3927741935484
2022-12-13,299.445935483871
2022-12-14,299.49909677419356
2022-12-15,299.55225806451614
2022-12-16,299.6054193548387
2022-12-17,299.6585806451613
2022-12-18,299.7117419354839
2022-12-19,299.76490322580645
2022-12-20,299.818064516129
2022-12-21,299.8712258064516
2022-12-22,299.9243870967742
2022-12-23,299.97754838709676
2022-12-24,300.03070967741934
2022-12-25,300.083870967742
2022-12-26,300.13703225806455
2022-12-27,300.19019354838713
2022-12-28,300.2433548387097
2022-12-29,300.2965161290323
2022-12-30,300.34967741935486
2022-12-31,300.40283870967744
2023-01-01,300.456
2023-01-02,300.4889032258065
2023-01-03,300.5218064516129
2023-01-04,300.5547096774194
2023-01-05,300.5876129032258
2023-01-06,300.6205161290323
2023-01-07,300.6534193548387
2023-01-08,300.6863225806452
2023-01-09,300.7192258064516
2023-01-10,300.7521290322581
2023-01-11,300.7850322580645
2023-01-12,300.817935483871
2023-01-13,300.8508387096774
2023-01-14,300.8837419354839
2023-01-15,300.9166451612903
2023-01-16,300.9495483870968
2023-01-17,300.9824516129032
2023-01-18,301.0153548387097
2023-01-19,301.0482580645161
2023-01-20,301.0811612903226
2023-01-21,301.114064516129
2023-01-22,301.1469677419355
2023-01-23,301.1798709677419
2023-01-24,301.2127741935484
2023-01-25,301.2456774193548
2023-01-26,301.2785806451613
2023-01-27,301.3114838709677
2023-01-28,301.3443870967742
2023-01-29,301.3772903225806
2023-01-30,301.4101935483871
2023-01-31,301.4430967741935
2023-02-01,301.476
2023-02-02,301.4819642857143
2023-02-03,301.4879285714286
2023-02-04,301.49389285714284
2023-02-05,301.49985714285714
2023-02-06,301.50582142857144
2023-02-07,301.5117857142857
2023-02-08,301.51775
2023-02-09,301.5237142857143
2023-02-10,301.5296785714286
2023-02-11,301.5356428571429
2023-02-12,301.5416071428571
2023-02-13,301.5475714285714
2023-02-14,301.5535357142857
2023-02-15,301.55949999999996
2023-02-16,301.56546428571426
2023-02-17,301.57142857142856
2023-02-18,301.57739285714285
2023-02-19,301.58335714285715
2023-02-20,301.5893214285714
2023-02-21,301.5952857142857
2023-02-22,301.60125
2023-02-23,301.60721428571424
2023-02-24,301.61317857142853
2023-02-25,301.61914285714283
2023-02-26,301.62510714285713
2023-02-27,301.63107142857143
2023-02-28,301.6370357142857
2023-03-01,301.643
2023-03-02,301.6821935483871
2023-03-03,301.72138709677415
2023-03-04,301.76058064516127
2023-03-05,301.7997741935484
2023-03-06,301.83896774193545
2023-03-07,301.87816129032257
2023-03-08,301.9173548387097
2023-03-09,301.95654838709675
2023-03-10,301.99574193548386
2023-03-11,302.0349354838709
2023-03-12,302.07412903225804
2023-03-13,302.11332258064516
2023-03-14,302.1525161290322
2023-03-15,302.19170967741934
2023-03-16,302.23090322580646
2023-03-17,302.2700967741935
2023-03-18,302.30929032258064
2023-03-19,302.34848387096775
2023-03-20,302.3876774193548
2023-03-21,302.42687096774193
2023-03-22,302.46606451612905
2023-03-23,302.5052580645161
2023-03-24,302.54445161290323
2023-03-25,302.5836451612903
2023-03-26,302.6228387096774
2023-03-27,302.6620322580645
2023-03-28,302.7012258064516
2023-03-29,302.7404193548387
2023-03-30,302.7796129032258
2023-03-31,302.8188064516129
2023-04-01,302.858
2023-04-02,302.87326666666667
2023-04-03,302.8885333333333
2023-04-04,302.9038
2023-04-05,302.91906666666665
2023-04-06,302.9343333333333
2023-04-07,302.9496
2023-04-08,302.96486666666664
2023-04-09,302.98013333333336
2023-04-10,302.9954
2023-04-11,303.0106666666667
2023-04-12,303.02593333333334
2023-04-13,303.0412
2023-04-14,303.05646666666667
2023-04-15,303.0717333333333
2023-04-16,303.087
2023-04-17,303.10226666666665
2023-04-18,303.1175333333333
2023-04-19,303.1328
2023-04-20,303.14806666666664
2023-04-21,303.1633333333333
2023-04-22,303.17859999999996
2023-04-23,303.1938666666666
2023-04-24,303.20913333333334
2023-04-25,303.2244
2023-04-26,303.23966666666666
2023-04-27,303.2549333333333
2023-04-28,303.2702
2023-04-29,303.28546666666665
2023-04-30,303.3007333333333
2023-05-01,303.316
2023-05-02,303.3412580645161
2023-05-03,303.3665161290322
2023-05-04,303.3917741935484
2023-05-05,303.41703225806447
2023-05-06,303.4422903225806
2023-05-07,303.46754838709677
2023-05-08,303.49280645161286
2023-05-09,303.518064516129
2023-05-10,303.54332258064517
2023-05-11,303.56858064516126
2023-05-12,303.5938387096774
2023-05-13,303.6190967741935
2023-05-14,303.64435483870966
2023-05-15,303.6696129032258
2023-05-16,303.6948709677419
2023-05-17,303.72012903225806
2023-05-18,303.74538709677415
2023-05-19,303.7706451612903
2023-05-20,303.79590322580646
2023-05-21,303.82116129032255
2023-05-22,303.8464193548387
2023-05-23,303.8716774193548
2023-05-24,303.89693548387095
2023-05-25,303.9221935483871
2023-05-26,303.9474516129032
2023-05-27,303.97270967741935
2023-05-28,303.9979677419355
2023-05-29,304.0232258064516
2023-05-30,304.04848387096774
2023-05-31,304.07374193548384
2023-06-01,304.099
2023-06-02,304.1162
2023-06-03,304.1334
2023-06-04,304.1506
2023-06-05,304.1678
2023-06-06,304.185
2023-06-07,304.2022
2023-06-08,304.2194
2023-06-09,304.2366
2023-06-10,304.2538
2023-06-11,304.271
2023-06-12,304.2882
2023-06-13,304.3054
2023-06-14,304.3226
2023-06-15,304.3398
2023-06-16,304.35699999999997
2023-06-17,304.3742
2023-06-18,304.3914
2023-06-19,304.4086
2023-06-20,304.4258
2023-06-21,304.443
2023-06-22,304.4602
2023-06-23,304.4774
2023-06-24,304.4946
2023-06-25,304.5118
2023-06-26,304.529
2023-06-27,304.5462
2023-06-28,304.5634
2023-06-29,304.5806
2023-06-30,304.5978
2023-07-01,304.615
2023-07-02,304.6641290322581
2023-07-03,304.71325806451614
2023-07-04,304.7623870967742
2023-07-05,304.81151612903227
2023-07-06,304.86064516129034
2023-07-07,304.9097741935484
2023-07-08,304.95890322580647
2023-07-09,305.00803225806453
2023-07-10,305.0571612903226
2023-07-11,305.10629032258066
2023-07-12,305.1554193548387
2023-07-13,305.2045483870968
2023-07-14,305.25367741935486
2023-07-15,305.3028064516129
2023-07-16,305.351935483871
2023-07-17,305.401064516129
2023-07-18,305.45019354838706
2023-07-19,305.4993225806451
2023-07-20,305.5484516129032
2023-07-21,305.59758064516126
2023-07-22,305.6467096774193
2023-07-23,305.6958387096774
2023-07-24,305.74496774193545
2023-07-25,305.7940967741935
2023-07-26,305.8432258064516
2023-07-27,305.89235483870965
2023-07-28,305.9414838709677
2023-07-29,305.9906129032258
2023-07-30,306.03974193548385
2023-07-31,306.0888709677419
2023-08-01,306.138
2023-08-02,306.1778709677419
2023-08-03,306.21774193548384
2023-08-04,306.2576129032258
2023-08-05,306.2974838709677
2023-08-06,306.33735483870964
2023-08-07,306.3772258064516
2023-08-08,306.4170967741935
2023-08-09,306.4569677419355
2023-08-10,306.49683870967743
2023-08-11,306.53670967741937
2023-08-12,306.5765806451613
2023-08-13,306.61645161290323
2023-08-14,306.65632258064517
2023-08-15,306.6961935483871
2023-08-16,306.73606451612903
2023-08-17,306.77593548387097
2023-08-18,306.8158064516129
2023-08-19,306.85567741935483
2023-08-20,306.89554838709677
2023-08-21,306.9354193548387
2023-08-22,306.97529032258063
2023-08-23,307.01516129032257
2023-08-24,307.0550322580645
2023-08-25,307.0949032258065
2023-08-26,307.1347741935484
2023-08-27,307.17464516129036
2023-08-28,307.2145161290323
2023-08-29,307.2543870967742
2023-08-30,307.29425806451616
2023-08-31,307.3341290322581
2023-09-01,307.374
2023-09-02,307.3833
2023-09-03,307.3926
2023-09-04,307.4019
2023-09-05,307.4112
2023-09-06,307.4205
2023-09-07,307.4298
2023-09-08,307.4391
2023-09-09,307.44840000000005
2023-09-10,307.45770000000005
2023-09-11,307.46700000000004
2023-09-12,307.47630000000004
2023-09-13,307.48560000000003
2023-09-14,307.49490000000003
2023-09-15,307.5042
2023-09-16,307.5135
2023-09-17,307.5228
2023-09-18,307.5321
2023-09-19,307.5414
2023-09-20,307.5507
2023-09-21,307.56
2023-09-22,307.5693
2023-09-23,307.5786
2023-09-24,307.58790000000005
2023-09-25,307.59720000000004
2023-09-26,307.60650000000004
2023-09-27,307.61580000000004
2023-09-28,307.62510000000003
2023-09-29,307.6344
2023-09-30,307.6437
2023-10-01,307.653
2023-10-02,307.66700000000003
2023-10-03,307.68100000000004
2023-10-04,307.695
2023-10-05,307.709
2023-10-06,307.723
2023-10-07,307.737
2023-10-08,307.75100000000003
2023-10-09,307.765
2023-10-10,307.779
2023-10-11,307.793
2023-10-12,307.807
2023-10-13,307.821
2023-10-14,307.835
2023-10-15,307.849
2023-10-16,307.863
2023-10-17,307.877
2023-10-18,307.891
2023-10-19,307.90500000000003
2023-10-20,307.919
2023-10-21,307.933
2023-10-22,307.947
2023-10-23,307.961
2023-10-24,307.975
2023-10-25,307.989
2023-10-26,308.003
2023-10-27,308.017
2023-10-28,308.031
2023-10-29,308.045
2023-10-30,308.05899999999997
2023-10-31,308.073
2023-11-01,308.087
2023-11-02,308.10859999999997
2023-11-03,308.1302
2023-11-04,308.1518
2023-11-05,308.1734
2023-11-06,308.195
2023-11-07,308.21659999999997
2023-11-08,308.2382
2023-11-09,308.2598
2023-11-10,308.2814
2023-11-11,308.303
2023-11-12,308.3246
2023-11-13,308.3462
2023-11-14,308.3678
2023-11-15,308.3894
2023-11-16,308.411
2023-11-17,308.4326
2023-11-18,308.4542
2023-11-19,308.4758
2023-11-20,308.4974
2023-11-21,308.519
2023-11-22,308.5406
2023-11-23,308.5622
2023-11-24,308.5838
2023-11-25,308.60540000000003
2023-11-26,308.627
2023-11-27,308.6486
2023-11-28,308.6702
2023-11-29,308.6918
2023-11-30,308.71340000000004
2023-12-01,308.735
2023-12-02,308.7691612903226
2023-12-03,308.80332258064516
2023-12-04,308.83748387096773
2023-12-05,308.87164516129036
2023-12-06,308.90580645161293
2023-12-07,308.9399677419355
2023-12-08,308.9741290322581
2023-12-09,309.00829032258065
2023-12-10,309.0424516129032
2023-12-11,309.0766129032258
2023-12-12,309.11077419354837
2023-12-13,309.144935483871
2023-12-14,309.17909677419357
2023-12-15,309.21325806451614
2023-12-16,309.2474193548387
2023-12-17,309.2815806451613
2023-12-18,309.31574193548386
2023-12-19,309.34990322580643
2023-12-20,309.384064516129
2023-12-21,309.41822580645163
2023-12-22,309.4523870967742
2023-12-23,309.4865483870968
2023-12-24,309.52070967741935
2023-12-25,309.5548709677419
2023-12-26,309.5890322580645
2023-12-27,309.62319354838706
2023-12-28,309.65735483870964
2023-12-29,309.69151612903227
2023-12-30,309.72567741935484
2023-12-31,309.7598387096774
2024-01-01,309.794
2024-01-02,309.8336129032258
2024-01-03,309.8732258064516
2024-01-04,309.91283870967743
2024-01-05,309.9524516129032
2024-01-06,309.992064516129
2024-01-07,310.0316774193548
2024-01-08,310.07129032258064
2024-01-09,310.11090322580645
2024-01-10,310.15051612903227
2024-01-11,310.190129032258
2024-01-12,310.22974193548384
2024-01-13,310.26935483870966
2024-01-14,310.3089677419355
2024-01-15,310.3485806451613
2024-01-16,310.3881935483871
2024-01-17,310.42780645161287
2024-01-18,310.4674193548387
2024-01-19,310.5070322580645
2024-01-20,310.5466451612903
2024-01-21,310.58625806451613
2024-01-22,310.62587096774195
2024-01-23,310.6654838709677
2024-01-24,310.7050967741935
2024-01-25,310.74470967741934
2024-01-26,310.78432258064515
2024-01-27,310.82393548387097
2024-01-28,310.8635483870968
2024-01-29,310.90316129032254
2024-01-30,310.94277419354836
2024-01-31,310.9823870967742
2024-02-01,311.022
2024-02-02,311.05941379310343
2024-02-03,311.09682758620687
2024-02-04,311.13424137931037
2024-02-05,311.1716551724138
2024-02-06,311.20906896551725
2024-02-07,311.2464827586207
2024-02-08,311.2838965517241
2024-02-09,311.32131034482757
2024-02-10,311.35872413793106
2024-02-11,311.3961379310345
2024-02-12,311.43355172413794
2024-02-13,311.4709655172414
2024-02-14,311.5083793103448
2024-02-15,311.54579310344826
2024-02-16,311.58320689655176
2024-02-17,311.6206206896552
2024-02-18,311.65803448275864
2024-02-19,311.6954482758621
2024-02-20,311.7328620689655
2024-02-21,311.77027586206896
2024-02-22,311.80768965517245
2024-02-23,311.8451034482759
2024-02-24,311.88251724137933
2024-02-25,311.9199310344828
2024-02-26,311.9573448275862
2024-02-27,311.99475862068965
2024-02-28,312.03217241379315
2024-02-29,312.0695862068966
2024-03-01,312.107
2024-03-02,312.1363225806452
2024-03-03,312.16564516129034
2024-03-04,312.1949677419355
2024-03-05,312.22429032258066
2024-03-06,312.2536129032258
2024-03-07,312.282935483871
2024-03-08,312.31225806451613
2024-03-09,312.34158064516134
2024-03-10,312.3709032258065
2024-03-11,312.40022580645166
2024-03-12,312.4295483870968
2024-03-13,312.458870967742
2024-03-14,312.48819354838713
2024-03-15,312.5175161290323
2024-03-16,312.54683870967744
2024-03-17,312.5761612903226
2024-03-18,312.60548387096776
2024-03-19,312.6348064516129
2024-03-20,312.6641290322581
2024-03-21,312.69345161290323
2024-03-22,312.7227741935484
2024-03-23,312.75209677419355
2024-03-24,312.7814193548387
2024-03-25,312.8107419354839
2024-03-26,312.8400645161291
2024-03-27,312.86938709677423
2024-03-28,312.8987096774194
2024-03-29,312.92803225806455
2024-03-30,312.9573548387097
2024-03-31,312.98667741935486
2024-04-01,313.016
2024-04-02,313.0201333333334
2024-04-03,313.0242666666667
2024-04-04,313.02840000000003
2024-04-05,313.03253333333333
2024-04-06,313.0366666666667
2024-04-07,313.0408
2024-04-08,313.04493333333335
2024-04-09,313.0490666666667
2024-04-10,313.0532
2024-04-11,313.05733333333336
2024-04-12,313.06146666666666
2024-04-13,313.0656
2024-04-14,313.0697333333333
2024-04-15,313.0738666666667
2024-04-16,313.078
2024-04-17,313.08213333333333
2024-04-18,313.0862666666667
2024-04-19,313.0904
2024-04-20,313.09453333333335
2024-04-21,313.09866666666665
2024-04-22,313.1028
2024-04-23,313.1069333333333
2024-04-24,313.11106666666666
2024-04-25,313.1152
2024-04-26,313.1193333333333
2024-04-27,313.1234666666667
2024-04-28,313.1276
2024-04-29,313.13173333333333
2024-04-30,313.13586666666663
2024-05-01,313.14
2024-05-02,313.1397096774193
2024-05-03,313.1394193548387
2024-05-04,313.13912903225804
2024-05-05,313.13883870967743
2024-05-06,313.13854838709676
2024-05-07,313.1382580645161
2024-05-08,313.1379677419355
2024-05-09,313.1376774193548
2024-05-10,313.13738709677415
2024-05-11,313.13709677419354
2024-05-12,313.13680645161287
2024-05-13,313.13651612903226
2024-05-14,313.1362258064516
2024-05-15,313.1359354838709
2024-05-16,313.1356451612903
2024-05-17,313.13535483870965
2024-05-18,313.13506451612903
2024-05-19,313.13477419354837
2024-05-20,313.1344838709677
2024-05-21,313.1341935483871
2024-05-22,313.1339032258064
2024-05-23,313.1336129032258
2024-05-24,313.13332258064514
2024-05-25,313.1330322580645
2024-05-26,313.13274193548386
2024-05-27,313.1324516129032
2024-05-28,313.13216129032253
2024-05-29,313.1318709677419
2024-05-30,313.13158064516125
2024-05-31,313.13129032258064
2024-06-01,313.131
2024-06-02,313.14549999999997
2024-06-03,313.15999999999997
2024-06-04,313.17449999999997
2024-06-05,313.18899999999996
2024-06-06,313.20349999999996
2024-06-07,313.21799999999996
2024-06-08,313.23249999999996
2024-06-09,313.24699999999996
2024-06-10,313.26149999999996
2024-06-11,313.27599999999995
2024-06-12,313.29049999999995
2024-06-13,313.30499999999995
2024-06-14,313.31949999999995
2024-06-15,313.33399999999995
2024-06-16,313.34849999999994
2024-06-17,313.363
2024-06-18,313.3775
2024-06-19,313.392
2024-06-20,313.4065
2024-06-21,313.421
2024-06-22,313.4355
2024-06-23,313.45
2024-06-24,313.4645
2024-06-25,313.479
2024-06-26,313.4935
2024-06-27,313.508
2024-06-28,313.5225
2024-06-29,313.537
2024-06-30,313.5515
2024-07-01,313.566
2024-07-02,313.58422580645157
2024-07-03,313.6024516129032
2024-07-04,313.6206774193548
2024-07-05,313.6389032258064
2024-07-06,313.657129032258
2024-07-07,313.67535483870967
2024-07-08,313.69358064516126
2024-07-09,313.71180645161286
2024-07-10,313.7300322580645
2024-07-11,313.7482580645161
2024-07-12,313.7664838709677
2024-07-13,313.7847096774193
2024-07-14,313.80293548387095
2024-07-15,313.82116129032255
2024-07-16,313.83938709677415
2024-07-17,313.8576129032258
2024-07-18,313.8758387096774
2024-07-19,313.894064516129
2024-07-20,313.91229032258065
2024-07-21,313.93051612903224
2024-07-22,313.94874193548384
2024-07-23,313.96696774193543
2024-07-24,313.9851935483871
2024-07-25,314.0034193548387
2024-07-26,314.0216451612903
2024-07-27,314.03987096774193
2024-07-28,314.05809677419353
2024-07-29,314.0763225806451
2024-07-30,314.0945483870967
2024-07-31,314.1127741935484
2024-08-01,314.131
2024-08-02,314.15422580645156
2024-08-03,314.1774516129032
2024-08-04,314.2006774193548
2024-08-05,314.22390322580645
2024-08-06,314.24712903225804
2024-08-07,314.27035483870964
2024-08-08,314.2935806451613
2024-08-09,314.3168064516129
2024-08-10,314.34003225806447
2024-08-11,314.3632580645161
2024-08-12,314.3864838709677
2024-08-13,314.40970967741936
2024-08-14,314.43293548387095
2024-08-15,314.45616129032254
2024-08-16,314.4793870967742
2024-08-17,314.5026129032258
2024-08-18,314.52583870967743
2024-08-19,314.549064516129
2024-08-20,314.5722903225806
2024-08-21,314.59551612903226
2024-08-22,314.61874193548385
2024-08-23,314.6419677419355
2024-08-24,314.6651935483871
2024-08-25,314.6884193548387
2024-08-26,314.71164516129033
2024-08-27,314.7348709677419
2024-08-28,314.7580967741935
2024-08-29,314.78132258064517
2024-08-30,314.80454838709676
2024-08-31,314.8277741935484
2024-09-01,314.851
2024-09-02,314.8747666666667
2024-09-03,314.8985333333333
2024-09-04,314.9223
2024-09-05,314.9460666666667
2024-09-06,314.9698333333333
2024-09-07,314.9936
2024-09-08,315.01736666666665
2024-09-09,315.04113333333333
2024-09-10,315.0649
2024-09-11,315.08866666666665
2024-09-12,315.11243333333334
2024-09-13,315.13620000000003
2024-09-14,315.15996666666666
2024-09-15,315.18373333333335
2024-09-16,315.2075
2024-09-17,315.23126666666667
2024-09-18,315.25503333333336
2024-09-19,315.2788
2024-09-20,315.3025666666667
2024-09-21,315.32633333333337
2024-09-22,315.3501
2024-09-23,315.3738666666667
2024-09-24,315.3976333333334
2024-09-25,315.4214
2024-09-26,315.4451666666667
2024-09-27,315.4689333333333
2024-09-28,315.4927
2024-09-29,315.5164666666667
2024-09-30,315.54023333333333
2024-10-01,315.564
2024-10-02,315.59254838709677
2024-10-03,315.6210967741936
2024-10-04,315.6496451612903
2024-10-05,315.6781935483871
2024-10-06,315.7067419354839
2024-10-07,315.7352903225807
2024-10-08,315.76383870967743
2024-10-09,315.79238709677423
2024-10-10,315.820935483871
2024-10-11,315.8494838709678
2024-10-12,315.87803225806454
2024-10-13,315.9065806451613
2024-10-14,315.9351290322581
2024-10-15,315.96367741935484
2024-10-16,315.99222580645164
2024-10-17,316.0207741935484
2024-10-18,316.0493225806452
2024-10-19,316.07787096774194
2024-10-20,316.10641935483875
2024-10-21,316.1349677419355
2024-10-22,316.16351612903225
2024-10-23,316.19206451612905
2024-10-24,316.2206129032258
2024-10-25,316.2491612903226
2024-10-26,316.27770967741935
2024-10-27,316.30625806451616
2024-10-28,316.3348064516129
2024-10-29,316.3633548387097
2024-10-30,316.39190322580646
2024-10-31,316.42045161290326
2024-11-01,316.449
2024-11-02,316.4874666666667
2024-11-03,316.52593333333334
2024-11-04,316.56440000000003
2024-11-05,316.60286666666667
2024-11-06,316.64133333333336
2024-11-07,316.6798
2024-11-08,316.7182666666667
2024-11-09,316.75673333333333
2024-11-10,316.7952
2024-11-11,316.83366666666666
2024-11-12,316.87213333333335
2024-11-13,316.9106
2024-11-14,316.9490666666667
2024-11-15,316.9875333333333
2024-11-16,317.026
2024-11-17,317.0644666666667
2024-11-18,317.10293333333334
2024-11-19,317.14140000000003
2024-11-20,317.17986666666667
2024-11-21,317.21833333333336
2024-11-22,317.2568
2024-11-23,317.2952666666667
2024-11-24,317.3337333333333
2024-11-25,317.3722
2024-11-26,317.41066666666666
2024-11-27,317.44913333333335
2024-11-28,317.4876
2024-11-29,317.5260666666667
2024-11-30,317.5645333333333
2024-12-01,317.603
2024-12-02,317.65083870967743
2024-12-03,317.69867741935485
2024-12-04,317.7465161290323
2024-12-05,317.7943548387097
2024-12-06,317.8421935483871
2024-12-07,317.89003225806454
2024-12-08,317.93787096774196
2024-12-09,317.9857096774194
2024-12-10,318.0335483870968
2024-12-11,318.0813870967742
2024-12-12,318.12922580645164
2024-12-13,318.17706451612906
2024-12-14,318.2249032258065
2024-12-15,318.2727419354839
2024-12-16,318.32058064516133
2024-12-17,318.3684193548387
2024-12-18,318.4162580645161
2024-12-19,318.46409677419354
2024-12-20,318.51193548387096
2024-12-21,318.5597741935484
2024-12-22,318.6076129032258
2024-12-23,318.6554516129032
2024-12-24,318.70329032258064
2024-12-25,318.75112903225806
2024-12-26,318.7989677419355
2024-12-27,318.8468064516129
2024-12-28,318.8946451612903
2024-12-29,318.94248387096775
2024-12-30,318.99032258064517
2024-12-31,319.0381612903226
2025-01-01,319.086
2025-01-02,319.1082258064516
2025-01-03,319.13045161290324
2025-01-04,319.15267741935486
2025-01-05,319.1749032258065
2025-01-06,319.1971290322581
2025-01-07,319.2193548387097
2025-01-08,319.2415806451613
2025-01-09,319.2638064516129
2025-01-10,319.2860322580645
2025-01-11,319.3082580645161
2025-01-12,319.3304838709677
2025-01-13,319.35270967741934
2025-01-14,319.37493548387096
2025-01-15,319.3971612903226
2025-01-16,319.4193870967742
2025-01-17,319.4416129032258
2025-01-18,319.4638387096774
2025-01-19,319.48606451612903
2025-01-20,319.50829032258065
2025-01-21,319.53051612903226
2025-01-22,319.5527419354839
2025-01-23,319.5749677419355
2025-01-24,319.5971935483871
2025-01-25,319.61941935483867
2025-01-26,319.6416451612903
2025-01-27,319.6638709677419
2025-01-28,319.6860967741935
2025-01-29,319.70832258064513
2025-01-30,319.73054838709675
2025-01-31,319.75277419354836
2025-02-01,319.775
2025-02-02,319.7692857142857
2025-02-03,319.7635714285714
2025-02-04,319.7578571428571
2025-02-05,319.7521428571428
2025-02-06,319.74642857142857
2025-02-07,319.74071428571426
2025-02-08,319.735
2025-02-09,319.7292857142857
2025-02-10,319.7235714285714
2025-02-11,319.71785714285716
2025-02-12,319.71214285714285
2025-02-13,319.70642857142855
2025-02-14,319.7007142857143
2025-02-15,319.695
2025-02-16,319.6892857142857
2025-02-17,319.68357142857144
2025-02-18,319.67785714285714
2025-02-19,319.67214285714283
2025-02-20,319.6664285714286
2025-02-21,319.6607142857143
2025-02-22,319.655
2025-02-23,319.6492857142857
2025-02-24,319.6435714285714
2025-02-25,319.6378571428572
2025-02-26,319.63214285714287
2025-02-27,319.62642857142856
2025-02-28,319.6207142857143
2025-03-01,319.615
2025-03-02,319.6377741935484
2025-03-03,319.6605483870968
2025-03-04,319.68332258064515
2025-03-05,319.70609677419355
2025-03-06,319.72887096774195
2025-03-07,319.75164516129036
2025-03-08,319.7744193548387
2025-03-09,319.7971935483871
2025-03-10,319.8199677419355
2025-03-11,319.8427419354839
2025-03-12,319.8655161290323
2025-03-13,319.88829032258064
2025-03-14,319.91106451612904
2025-03-15,319.93383870967745
2025-03-16,319.95661290322585
2025-03-17,319.9793870967742
2025-03-18,320.0021612903226
2025-03-19,320.024935483871
2025-03-20,320.0477096774194
2025-03-21,320.07048387096773
2025-03-22,320.09325806451614
2025-03-23,320.11603225806454
2025-03-24,320.13880645161294
2025-03-25,320.16158064516134
2025-03-26,320.1843548387097
2025-03-27,320.2071290322581
2025-03-28,320.2299032258065
2025-03-29,320.2526774193549
2025-03-30,320.2754516129032
2025-03-31,320.2982258064516
2025-04-01,320.321
2025-04-02,320.32963333333333
2025-04-03,320.3382666666667
2025-04-04,320.3469
2025-04-05,320.35553333333337
2025-04-06,320.3641666666667
2025-04-07,320.37280000000004
2025-04-08,320.38143333333335
2025-04-09,320.39006666666666
2025-04-10,320.3987
2025-04-11,320.4073333333333
2025-04-12,320.4159666666667
2025-04-13,320.4246
2025-04-14,320.43323333333336
2025-04-15,320.44186666666667
2025-04-16,320.45050000000003
2025-04-17,320.45913333333334
2025-04-18,320.46776666666665
2025-04-19,320.4764
2025-04-20,320.4850333333333
2025-04-21,320.4936666666667
2025-04-22,320.5023
2025-04-23,320.51093333333336
2025-04-24,320.51956666666666
2025-04-25,320.52819999999997
2025-04-26,320.53683333333333
2025-04-27,320.54546666666664
2025-04-28,320.5541
2025-04-29,320.5627333333333
2025-04-30,320.5713666666667
2025-05-01,320.58
2025-05-02,320.6096774193548
2025-05-03,320.63935483870966
2025-05-04,320.6690322580645
2025-05-05,320.69870967741934
2025-05-06,320.72838709677416
2025-05-07,320.758064516129
2025-05-08,320.78774193548384
2025-05-09,320.8174193548387
2025-05-10,320.8470967741935
2025-05-11,320.8767741935484
2025-05-12,320.9064516129032
2025-05-13,320.93612903225807
2025-05-14,320.9658064516129
2025-05-15,320.99548387096775
2025-05-16,321.02516129032256
2025-05-17,321.0548387096774
2025-05-18,321.08451612903224
2025-05-19,321.1141935483871
2025-05-20,321.1438709677419
2025-05-21,321.1735483870968
2025-05-22,321.2032258064516
2025-05-23,321.23290322580647
2025-05-24,321.2625806451613
2025-05-25,321.29225806451615
2025-05-26,321.32193548387096
2025-05-27,321.3516129032258
2025-05-28,321.38129032258064
2025-05-29,321.4109677419355
2025-05-30,321.4406451612903
2025-05-31,321.4703225806452
2025-06-01,321.5
2025-06-02,321.5210666666667
2025-06-03,321.5421333333333
2025-06-04,321.5632
2025-06-05,321.5842666666667
2025-06-06,321.6053333333333
2025-06-07,321.6264
2025-06-08,321.6474666666667
2025-06-09,321.66853333333336
2025-06-10,321.6896
2025-06-11,321.71066666666667
2025-06-12,321.73173333333335
2025-06-13,321.7528
2025-06-14,321.77386666666666
2025-06-15,321.79493333333335
2025-06-16,321.81600000000003
2025-06-17,321.83706666666666
2025-06-18,321.85813333333334
2025-06-19,321.8792
2025-06-20,321.90026666666665
2025-06-21,321.92133333333334
2025-06-22,321.9424
2025-06-23,321.96346666666665
2025-06-24,321.98453333333333
2025-06-25,322.0056
2025-06-26,322.02666666666664
2025-06-27,322.0477333333333
2025-06-28,322.0688
2025-06-29,322.0898666666667
2025-06-30,322.1109333333333
2025-07-01,322.132
2025-07-02,322.17174193548385
2025-07-03,322.21148387096775
2025-07-04,322.2512258064516
2025-07-05,322.2909677419355
2025-07-06,322.33070967741935
2025-07-07,322.37045161290325
2025-07-08,322.4101935483871
2025-07-09,322.44993548387095
2025-07-10,322.48967741935485
2025-07-11,322.5294193548387
2025-07-12,322.5691612903226
2025-07-13,322.60890322580644
2025-07-14,322.6486451612903
2025-07-15,322.6883870967742
2025-07-16,322.72812903225804
2025-07-17,322.76787096774194
2025-07-18,322.8076129032258
2025-07-19,322.8473548387097
2025-07-20,322.88709677419354
2025-07-21,322.9268387096774
2025-07-22,322.9665806451613
2025-07-23,323.00632258064513
2025-07-24,323.04606451612904
2025-07-25,323.0858064516129
2025-07-26,323.1255483870967
2025-07-27,323.16529032258063
2025-07-28,323.2050322580645
2025-07-29,323.2447741935484
2025-07-30,323.2845161290322
2025-07-31,323.32425806451613
2025-08-01,323.364
2025-08-02,323.39638709677416
2025-08-03,323.42877419354835
2025-08-04,323.46116129032254
2025-08-05,323.4935483870968
2025-08-06,323.52593548387097
2025-08-07,323.55832258064515
2025-08-08,323.59070967741934
2025-08-09,323.6230967741935
2025-08-10,323.6554838709677
2025-08-11,323.6878709677419
2025-08-12,323.7202580645161
2025-08-13,323.75264516129033
2025-08-14,323.7850322580645
2025-08-15,323.8174193548387
2025-08-16,323.8498064516129
2025-08-17,323.8821935483871
2025-08-18,323.91458064516127
2025-08-19,323.94696774193545
2025-08-20,323.97935483870964
2025-08-21,324.0117419354839
2025-08-22,324.04412903225807
2025-08-23,324.07651612903226
2025-08-24,324.10890322580644
2025-08-25,324.14129032258063
2025-08-26,324.1736774193548
2025-08-27,324.206064516129
2025-08-28,324.2384516129032
2025-08-29,324.27083870967743
2025-08-30,324.3032258064516
2025-08-31,324.3356129032258
2025-09-01,324.368
2025-09-02,324.378868852459
2025-09-03,324.38973770491805
2025-09-04,324.40060655737705
2025-09-05,324.41147540983604
2025-09-06,324.4223442622951
2025-09-07,324.4332131147541
2025-09-08,324.4440819672131
2025-09-09,324.45495081967215
2025-09-10,324.46581967213115
2025-09-11,324.47668852459014
2025-09-12,324.4875573770492
2025-09-13,324.4984262295082
2025-09-14,324.5092950819672
2025-09-15,324.52016393442625
2025-09-16,324.53103278688525
2025-09-17,324.54190163934425
2025-09-18,324.5527704918033
2025-09-19,324.5636393442623
2025-09-20,324.5745081967213
2025-09-21,324.58537704918035
2025-09-22,324.59624590163935
2025-09-23,324.60711475409835
2025-09-24,324.6179836065574
2025-09-25,324.6288524590164
2025-09-26,324.6397213114754
2025-09-27,324.65059016393445
2025-09-28,324.66145901639345
2025-09-29,324.67232786885245
2025-09-30,324.6831967213115
2025-10-01,324.6940655737705
2025-10-02,324.7049344262295
2025-10-03,324.7158032786885
2025-10-04,324.72667213114755
2025-10-05,324.73754098360655
2025-10-06,324.74840983606555
2025-10-07,324.7592786885246
2025-10-08,324.7701475409836
2025-10-09,324.7810163934426
2025-10-10,324.79188524590165
2025-10-11,324.80275409836065
2025-10-12,324.81362295081965
2025-10-13,324.8244918032787
2025-10-14,324.8353606557377
2025-10-15,324.8462295081967
2025-10-16,324.85709836065575
2025-10-17,324.86796721311475
2025-10-18,324.87883606557375
2025-10-19,324.8897049180328
2025-10-20,324.9005737704918
2025-10-21,324.9114426229508
2025-10-22,324.92231147540986
2025-10-23,324.93318032786885
2025-10-24,324.94404918032785
2025-10-25,324.9549180327869
2025-10-26,324.9657868852459
2025-10-27,324.9766557377049
2025-10-28,324.98752459016396
2025-10-29,324.99839344262296
2025-10-30,325.00926229508195
2025-10-31,325.020131147541
2025-11-01,325.031
